-- phpMyAdmin SQL Dump
-- version 5.2.1
-- https://www.phpmyadmin.net/
--
-- Máy chủ: 127.0.0.1
-- Thời gian đã tạo: Th12 12, 2025 lúc 12:25 PM
-- Phiên bản máy phục vụ: 10.4.32-MariaDB
-- Phiên bản PHP: 8.2.12

SET SQL_MODE = "NO_AUTO_VALUE_ON_ZERO";
START TRANSACTION;
SET time_zone = "+00:00";


/*!40101 SET @OLD_CHARACTER_SET_CLIENT=@@CHARACTER_SET_CLIENT */;
/*!40101 SET @OLD_CHARACTER_SET_RESULTS=@@CHARACTER_SET_RESULTS */;
/*!40101 SET @OLD_COLLATION_CONNECTION=@@COLLATION_CONNECTION */;
/*!40101 SET NAMES utf8mb4 */;

--
-- Cơ sở dữ liệu: `mobilestore`
--

-- --------------------------------------------------------

--
-- Cấu trúc bảng cho bảng `binhluan`
--

CREATE TABLE `binhluan` (
  `id` bigint(20) UNSIGNED NOT NULL,
  `sanpham_id` bigint(20) UNSIGNED NOT NULL,
  `user_id` bigint(20) UNSIGNED NOT NULL,
  `parent_id` bigint(20) UNSIGNED DEFAULT NULL,
  `danhgia` tinyint(4) NOT NULL DEFAULT 5,
  `noidung` text NOT NULL,
  `like_count` int(11) NOT NULL DEFAULT 0,
  `dislike_count` int(11) NOT NULL DEFAULT 0,
  `created_at` timestamp NULL DEFAULT NULL,
  `updated_at` timestamp NULL DEFAULT NULL
) ENGINE=InnoDB DEFAULT CHARSET=utf8mb4 COLLATE=utf8mb4_unicode_ci;

--
-- Đang đổ dữ liệu cho bảng `binhluan`
--

INSERT INTO `binhluan` (`id`, `sanpham_id`, `user_id`, `parent_id`, `danhgia`, `noidung`, `like_count`, `dislike_count`, `created_at`, `updated_at`) VALUES
(1, 3, 1, NULL, 5, 'ẻgerge', 0, 0, '2025-12-10 00:51:25', '2025-12-10 00:51:25'),
(2, 3, 1, NULL, 4, 'sadasd', 0, 0, '2025-12-10 00:52:40', '2025-12-10 00:52:40'),
(3, 3, 1, NULL, 5, 'sadasdas', 0, 0, '2025-12-10 01:03:13', '2025-12-10 01:03:13'),
(4, 3, 1, NULL, 5, 'đỉnh quá', 0, 0, '2025-12-10 01:10:39', '2025-12-10 01:10:39'),
(5, 3, 1, NULL, 3, 'anh ahafo cóa', 0, 0, '2025-12-10 01:17:11', '2025-12-10 01:17:11'),
(6, 3, 1, NULL, 5, 'ádasdas', 0, 0, '2025-12-10 01:25:05', '2025-12-10 01:25:05'),
(7, 3, 1, NULL, 4, 'dfcgvbdfgbdf', 0, 0, '2025-12-10 01:25:45', '2025-12-10 01:25:45'),
(8, 3, 1, NULL, 5, 'ádsad', 0, 0, '2025-12-10 01:28:50', '2025-12-10 01:28:50'),
(9, 3, 1, NULL, 5, 'cc', 0, 0, '2025-12-10 01:28:58', '2025-12-10 01:28:58'),
(10, 3, 1, NULL, 5, 'sedfsdgf', 0, 0, '2025-12-10 01:32:01', '2025-12-10 01:32:01'),
(11, 3, 1, NULL, 5, 'ádsada', 0, 0, '2025-12-10 01:35:24', '2025-12-10 01:35:24'),
(12, 148, 1, NULL, 5, 'dfgbgsdfgsdg', 0, 0, '2025-12-10 01:50:05', '2025-12-10 01:50:05'),
(13, 97, 1, NULL, 5, '5sao nghe', 0, 0, '2025-12-10 01:53:37', '2025-12-10 01:53:37'),
(14, 268, 1, NULL, 5, 'ngon', 0, 0, '2025-12-10 02:26:23', '2025-12-10 02:26:23'),
(15, 5, 3, NULL, 5, 'đẹp', 0, 0, '2025-12-11 04:43:59', '2025-12-11 04:43:59');

-- --------------------------------------------------------

--
-- Cấu trúc bảng cho bảng `binhluan_like`
--

CREATE TABLE `binhluan_like` (
  `id` bigint(20) UNSIGNED NOT NULL,
  `user_id` bigint(20) UNSIGNED NOT NULL,
  `binhluan_id` bigint(20) UNSIGNED NOT NULL,
  `is_like` tinyint(1) NOT NULL,
  `created_at` timestamp NULL DEFAULT NULL,
  `updated_at` timestamp NULL DEFAULT NULL
) ENGINE=InnoDB DEFAULT CHARSET=utf8mb4 COLLATE=utf8mb4_unicode_ci;

-- --------------------------------------------------------

--
-- Cấu trúc bảng cho bảng `cache`
--

CREATE TABLE `cache` (
  `key` varchar(255) NOT NULL,
  `value` mediumtext NOT NULL,
  `expiration` int(11) NOT NULL
) ENGINE=InnoDB DEFAULT CHARSET=utf8mb4 COLLATE=utf8mb4_unicode_ci;

-- --------------------------------------------------------

--
-- Cấu trúc bảng cho bảng `cache_locks`
--

CREATE TABLE `cache_locks` (
  `key` varchar(255) NOT NULL,
  `owner` varchar(255) NOT NULL,
  `expiration` int(11) NOT NULL
) ENGINE=InnoDB DEFAULT CHARSET=utf8mb4 COLLATE=utf8mb4_unicode_ci;

-- --------------------------------------------------------

--
-- Cấu trúc bảng cho bảng `danhgia`
--

CREATE TABLE `danhgia` (
  `id` bigint(20) UNSIGNED NOT NULL,
  `user_id` bigint(20) UNSIGNED NOT NULL,
  `sanpham_id` bigint(20) UNSIGNED NOT NULL,
  `sosao` tinyint(3) UNSIGNED NOT NULL,
  `noidung` varchar(255) DEFAULT NULL,
  `created_at` timestamp NULL DEFAULT NULL,
  `updated_at` timestamp NULL DEFAULT NULL
) ENGINE=InnoDB DEFAULT CHARSET=utf8mb4 COLLATE=utf8mb4_unicode_ci;

-- --------------------------------------------------------

--
-- Cấu trúc bảng cho bảng `donhang`
--

CREATE TABLE `donhang` (
  `id` bigint(20) UNSIGNED NOT NULL,
  `user_id` bigint(20) UNSIGNED NOT NULL,
  `tinhtrang_id` bigint(20) UNSIGNED NOT NULL,
  `sodienthoai` varchar(20) NOT NULL,
  `diachi` varchar(255) NOT NULL,
  `VAT` double DEFAULT NULL,
  `voucher_id` bigint(20) UNSIGNED DEFAULT NULL,
  `tongtien` double DEFAULT NULL,
  `created_at` timestamp NULL DEFAULT NULL,
  `updated_at` timestamp NULL DEFAULT NULL
) ENGINE=InnoDB DEFAULT CHARSET=utf8mb4 COLLATE=utf8mb4_unicode_ci;

--
-- Đang đổ dữ liệu cho bảng `donhang`
--

INSERT INTO `donhang` (`id`, `user_id`, `tinhtrang_id`, `sodienthoai`, `diachi`, `VAT`, `voucher_id`, `tongtien`, `created_at`, `updated_at`) VALUES
(1, 1, 1, '0987654321', 'ád', 3435090, NULL, 37785990, '2025-12-10 02:07:11', '2025-12-10 02:07:11'),
(2, 1, 1, '0987654321', 'ád', 100000, NULL, 1100000, '2025-12-10 02:14:00', '2025-12-10 02:14:00'),
(3, 1, 1, '0987654321', 'ád', 100000, NULL, 1100000, '2025-12-10 02:14:47', '2025-12-10 02:14:47'),
(4, 1, 1, '0987654321', 'ád', 100000, NULL, 1100000, '2025-12-10 02:17:02', '2025-12-10 02:17:02'),
(5, 1, 1, '0987654321', 'ád', 100000, NULL, 1100000, '2025-12-10 02:20:30', '2025-12-10 02:20:30'),
(6, 1, 1, '0987654321', 'ád', 9895500, NULL, 108850500, '2025-12-10 02:20:58', '2025-12-10 02:20:58'),
(7, 1, 1, '0855657770', 'Anhhl', 100000, NULL, 1100000, '2025-12-10 02:33:51', '2025-12-10 02:33:51'),
(8, 2, 1, '0929666777', 'Agu', 200000, NULL, 2200000, '2025-12-10 02:37:44', '2025-12-10 02:37:44'),
(9, 1, 1, '0987654321', 'ád', 1979100, NULL, 21770100, '2025-12-11 03:20:46', '2025-12-11 03:20:46'),
(10, 1, 1, '0987654321', 'ád', 1979100, 14, 21270100, '2025-12-11 03:52:22', '2025-12-11 03:52:22'),
(11, 1, 1, '0987677321', 'Tây phú thboaij sơnm', 100000, 12, 600000, '2025-12-11 03:53:15', '2025-12-11 03:53:15'),
(12, 1, 1, '0987654321', 'VN', 1979100, 6, 21670100, '2025-12-11 03:59:23', '2025-12-11 03:59:23'),
(13, 4, 1, '0987654321', 'Agu', 100000, NULL, 1100000, '2025-12-11 04:20:01', '2025-12-11 04:20:01'),
(14, 3, 1, '0987654321', 'VN', 60100000, NULL, 661100000, '2025-12-11 04:21:29', '2025-12-11 04:21:29'),
(15, 3, 1, '0987654321', 'VN', 100000, NULL, 1100000, '2025-12-11 04:40:50', '2025-12-11 04:40:50'),
(16, 6, 1, '0855657770', 'Tây Phú An Giang', 2111120, NULL, 23222320, '2025-12-12 01:19:34', '2025-12-12 01:19:34');

-- --------------------------------------------------------

--
-- Cấu trúc bảng cho bảng `donhang_chitiet`
--

CREATE TABLE `donhang_chitiet` (
  `id` bigint(20) UNSIGNED NOT NULL,
  `donhang_id` bigint(20) UNSIGNED NOT NULL,
  `sanpham_id` bigint(20) UNSIGNED NOT NULL,
  `soluong` int(11) NOT NULL,
  `dongia` double NOT NULL,
  `thanhtien` double DEFAULT NULL,
  `hinhanh` varchar(255) DEFAULT NULL,
  `gia` double NOT NULL,
  `khuyenmai` tinyint(4) NOT NULL DEFAULT 0,
  `gia_khuyenmai` double DEFAULT NULL,
  `mota` varchar(255) DEFAULT NULL,
  `created_at` timestamp NULL DEFAULT NULL,
  `updated_at` timestamp NULL DEFAULT NULL
) ENGINE=InnoDB DEFAULT CHARSET=utf8mb4 COLLATE=utf8mb4_unicode_ci;

--
-- Đang đổ dữ liệu cho bảng `donhang_chitiet`
--

INSERT INTO `donhang_chitiet` (`id`, `donhang_id`, `sanpham_id`, `soluong`, `dongia`, `thanhtien`, `hinhanh`, `gia`, `khuyenmai`, `gia_khuyenmai`, `mota`, `created_at`, `updated_at`) VALUES
(1, 1, 3, 2, 16073300, 32146600, 'dien-thoai/iphone-11-256gb-black-400x400.jpg', 23990000, 33, 16073300, NULL, '2025-12-10 02:07:11', '2025-12-10 02:07:11'),
(2, 1, 148, 1, 2204300, 2204300, 'may-tinh-bang/huawei-mediapad-t3-80-gold-400x400.jpg', 3290000, 33, 2204300, NULL, '2025-12-10 02:07:11', '2025-12-10 02:07:11'),
(3, 2, 268, 1, 999999.98999999, 999999.98999999, 'dien-thoai/iphone-17-xanh-la.webp', 99999999, 99, 999999.98999999, NULL, '2025-12-10 02:14:00', '2025-12-10 02:14:00'),
(4, 3, 268, 1, 999999.98999999, 999999.98999999, 'dien-thoai/iphone-17-xanh-la.webp', 99999999, 99, 999999.98999999, NULL, '2025-12-10 02:14:47', '2025-12-10 02:14:47'),
(5, 4, 268, 1, 999999.98999999, 999999.98999999, 'dien-thoai/iphone-17-xanh-la.webp', 99999999, 99, 999999.98999999, NULL, '2025-12-10 02:17:02', '2025-12-10 02:17:02'),
(6, 5, 268, 1, 999999.98999999, 999999.98999999, 'dien-thoai/iphone-17-xanh-la.webp', 99999999, 99, 999999.98999999, NULL, '2025-12-10 02:20:30', '2025-12-10 02:20:30'),
(7, 6, 1, 5, 19791000, 98955000, 'dien-thoai/iphone-11-128gb-green-400x400.jpg', 21990000, 10, 19791000, NULL, '2025-12-10 02:20:58', '2025-12-10 02:20:58'),
(8, 7, 268, 1, 999999.98999999, 999999.98999999, 'dien-thoai/iphone-17-xanh-la.jpg', 99999999, 99, 999999.98999999, NULL, '2025-12-10 02:33:51', '2025-12-10 02:33:51'),
(9, 8, 268, 2, 999999.98999999, 1999999.98, 'dien-thoai/iphone-17-xanh-la.jpg', 99999999, 99, 999999.98999999, NULL, '2025-12-10 02:37:44', '2025-12-10 02:37:44'),
(10, 9, 1, 1, 19791000, 19791000, 'dien-thoai/iphone-11-128gb-green-400x400.jpg', 21990000, 10, 19791000, NULL, '2025-12-11 03:20:46', '2025-12-11 03:20:46'),
(11, 10, 1, 1, 19791000, 19791000, 'dien-thoai/iphone-11-128gb-green-400x400.jpg', 21990000, 10, 19791000, NULL, '2025-12-11 03:52:22', '2025-12-11 03:52:22'),
(12, 11, 268, 1, 999999.98999999, 999999.98999999, 'dien-thoai/iphone-17-xanh-la.jpg', 99999999, 99, 999999.98999999, NULL, '2025-12-11 03:53:15', '2025-12-11 03:53:15'),
(13, 12, 1, 1, 19791000, 19791000, 'dien-thoai/iphone-11-128gb-green-400x400.jpg', 21990000, 10, 19791000, NULL, '2025-12-11 03:59:23', '2025-12-11 03:59:23'),
(14, 13, 268, 1, 999999.98999999, 999999.98999999, 'dien-thoai/iphone-17-xanh-la.jpg', 99999999, 99, 999999.98999999, NULL, '2025-12-11 04:20:01', '2025-12-11 04:20:01'),
(15, 14, 268, 1, 999999.98999999, 999999.98999999, 'dien-thoai/iphone-17-xanh-la.jpg', 99999999, 99, 999999.98999999, NULL, '2025-12-11 04:21:29', '2025-12-11 04:21:29'),
(16, 14, 97, 12, 50000000, 600000000, 'dien-thoai/samsung-galaxy-z-fold-2-061220-021232-400x400.jpg', 50000000, 0, 50000000, NULL, '2025-12-11 04:21:29', '2025-12-11 04:21:29'),
(17, 15, 268, 1, 999999.98999999, 999999.98999999, 'dien-thoai/iphone-17-xanh-la.jpg', 99999999, 99, 999999.98999999, NULL, '2025-12-11 04:40:50', '2025-12-11 04:40:50'),
(18, 16, 4, 1, 21111200, 21111200, 'dien-thoai/iphone-11-256gb-hop-moi-292520-102539-400x400.jpg', 23990000, 12, 21111200, NULL, '2025-12-12 01:19:34', '2025-12-12 01:19:34');

-- --------------------------------------------------------

--
-- Cấu trúc bảng cho bảng `failed_jobs`
--

CREATE TABLE `failed_jobs` (
  `id` bigint(20) UNSIGNED NOT NULL,
  `uuid` varchar(255) NOT NULL,
  `connection` text NOT NULL,
  `queue` text NOT NULL,
  `payload` longtext NOT NULL,
  `exception` longtext NOT NULL,
  `failed_at` timestamp NOT NULL DEFAULT current_timestamp()
) ENGINE=InnoDB DEFAULT CHARSET=utf8mb4 COLLATE=utf8mb4_unicode_ci;

-- --------------------------------------------------------

--
-- Cấu trúc bảng cho bảng `hangsanxuat`
--

CREATE TABLE `hangsanxuat` (
  `id` bigint(20) UNSIGNED NOT NULL,
  `tenhang` varchar(255) NOT NULL,
  `tenhang_slug` varchar(255) NOT NULL,
  `hinhanh` varchar(255) DEFAULT NULL,
  `created_at` timestamp NULL DEFAULT NULL,
  `updated_at` timestamp NULL DEFAULT NULL
) ENGINE=InnoDB DEFAULT CHARSET=utf8mb4 COLLATE=utf8mb4_unicode_ci;

--
-- Đang đổ dữ liệu cho bảng `hangsanxuat`
--

INSERT INTO `hangsanxuat` (`id`, `tenhang`, `tenhang_slug`, `hinhanh`, `created_at`, `updated_at`) VALUES
(1, 'Acer', 'acer', 'hang-san-xuat/acer.png', '2025-12-09 19:38:38', '2025-12-09 19:38:38'),
(2, 'Apple', 'apple', 'hang-san-xuat/apple.png', '2025-12-09 19:38:38', '2025-12-09 19:38:38'),
(3, 'Asus', 'asus', 'hang-san-xuat/asus.png', '2025-12-09 19:38:38', '2025-12-09 19:38:38'),
(4, 'Dell', 'dell', 'hang-san-xuat/dell.png', '2025-12-09 19:38:38', '2025-12-09 19:38:38'),
(5, 'HP', 'hp', 'hang-san-xuat/hp.png', '2025-12-09 19:38:38', '2025-12-09 19:38:38'),
(6, 'Huawei', 'huawei', 'hang-san-xuat/huawei.jpg', '2025-12-09 19:38:38', '2025-12-09 19:38:38'),
(7, 'Itel', 'itel', 'hang-san-xuat/itel.jpg', '2025-12-09 19:38:38', '2025-12-09 19:38:38'),
(8, 'Lenovo', 'lenovo', 'hang-san-xuat/lenovo.png', '2025-12-09 19:38:38', '2025-12-09 19:38:38'),
(9, 'LG', 'lg', 'hang-san-xuat/lg.png', '2025-12-09 19:38:38', '2025-12-09 19:38:38'),
(10, 'Masstel', 'masstel', 'hang-san-xuat/masstel.png', '2025-12-09 19:38:38', '2025-12-09 19:38:38'),
(11, 'Mobell', 'mobell', 'hang-san-xuat/mobell.jpg', '2025-12-09 19:38:38', '2025-12-09 19:38:38'),
(12, 'MSI', 'msi', 'hang-san-xuat/msi.png', '2025-12-09 19:38:38', '2025-12-09 19:38:38'),
(13, 'Nokia', 'nokia', 'hang-san-xuat/nokia.jpg', '2025-12-09 19:38:38', '2025-12-09 19:38:38'),
(14, 'Oneplus', 'oneplus', 'hang-san-xuat/oneplus.jpg', '2025-12-09 19:38:38', '2025-12-09 19:38:38'),
(15, 'Oppo', 'oppo', 'hang-san-xuat/oppo.jpg', '2025-12-09 19:38:38', '2025-12-09 19:38:38'),
(16, 'Realme', 'realme', 'hang-san-xuat/realme.png', '2025-12-09 19:38:38', '2025-12-09 19:38:38'),
(17, 'Samsung', 'samsung', 'hang-san-xuat/samsung.png', '2025-12-09 19:38:38', '2025-12-09 19:38:38'),
(18, 'Vivo', 'vivo', 'hang-san-xuat/vivo.jpg', '2025-12-09 19:38:38', '2025-12-09 19:38:38'),
(19, 'Xiaomi', 'xiaomi', 'hang-san-xuat/xiaomi.png', '2025-12-09 19:38:38', '2025-12-09 19:38:38');

-- --------------------------------------------------------

--
-- Cấu trúc bảng cho bảng `hopdong_tragop`
--

CREATE TABLE `hopdong_tragop` (
  `id` bigint(20) UNSIGNED NOT NULL,
  `user_id` bigint(20) UNSIGNED NOT NULL,
  `sanpham_id` bigint(20) UNSIGNED NOT NULL,
  `thoi_han` int(11) NOT NULL,
  `tra_truoc` int(11) NOT NULL,
  `gia_san_pham` decimal(15,2) NOT NULL,
  `so_tien_tra_truoc` decimal(15,2) NOT NULL,
  `so_tien_con_lai` decimal(15,2) NOT NULL,
  `lai_suat_hang_thang` decimal(5,2) NOT NULL DEFAULT 1.20,
  `so_tien_tra_moi_thang` decimal(15,2) NOT NULL,
  `ho_ten` varchar(255) NOT NULL,
  `cccd` varchar(255) NOT NULL,
  `dia_chi` varchar(255) NOT NULL,
  `sdt` varchar(255) NOT NULL,
  `trang_thai_hop_dong` tinyint(4) NOT NULL DEFAULT 0,
  `duyet` tinyint(4) NOT NULL DEFAULT 0,
  `created_at` timestamp NULL DEFAULT NULL,
  `updated_at` timestamp NULL DEFAULT NULL
) ENGINE=InnoDB DEFAULT CHARSET=utf8mb4 COLLATE=utf8mb4_unicode_ci;

--
-- Đang đổ dữ liệu cho bảng `hopdong_tragop`
--

INSERT INTO `hopdong_tragop` (`id`, `user_id`, `sanpham_id`, `thoi_han`, `tra_truoc`, `gia_san_pham`, `so_tien_tra_truoc`, `so_tien_con_lai`, `lai_suat_hang_thang`, `so_tien_tra_moi_thang`, `ho_ten`, `cccd`, `dia_chi`, `sdt`, `trang_thai_hop_dong`, `duyet`, `created_at`, `updated_at`) VALUES
(8, 3, 6, 9, 10, 15392300.00, 1539230.00, 13853070.00, 1.20, 14019306.84, 'Anh Hào', '089204002237', 'ádsadf', '0855657770', 0, 1, '2025-12-11 08:53:45', '2025-12-12 00:59:58'),
(9, 1, 1, 12, 10, 19791000.00, 1979100.00, 17811900.00, 1.20, 18025642.80, 'Anh Hào', '089204002237', 'vzd', '0855657770', 0, 2, '2025-12-11 19:39:45', '2025-12-12 01:01:10'),
(10, 6, 4, 12, 20, 21111200.00, 4222240.00, 16888960.00, 1.20, 1610080.85, 'Nguyễn Anh Hào', '098765432111', 'An Giang', '0987654333', 0, 1, '2025-12-12 01:05:54', '2025-12-12 01:06:30'),
(15, 7, 152, 12, 20, 11270600.00, 2254120.00, 9016480.00, 10.00, 1653021.33, 'Nguyễn Văn A', '098765432133', 'VN an giang', '09876543211', 0, 0, '2025-12-12 02:09:13', '2025-12-12 02:09:13');

-- --------------------------------------------------------

--
-- Cấu trúc bảng cho bảng `jobs`
--

CREATE TABLE `jobs` (
  `id` bigint(20) UNSIGNED NOT NULL,
  `queue` varchar(255) NOT NULL,
  `payload` longtext NOT NULL,
  `attempts` tinyint(3) UNSIGNED NOT NULL,
  `reserved_at` int(10) UNSIGNED DEFAULT NULL,
  `available_at` int(10) UNSIGNED NOT NULL,
  `created_at` int(10) UNSIGNED NOT NULL
) ENGINE=InnoDB DEFAULT CHARSET=utf8mb4 COLLATE=utf8mb4_unicode_ci;

-- --------------------------------------------------------

--
-- Cấu trúc bảng cho bảng `job_batches`
--

CREATE TABLE `job_batches` (
  `id` varchar(255) NOT NULL,
  `name` varchar(255) NOT NULL,
  `total_jobs` int(11) NOT NULL,
  `pending_jobs` int(11) NOT NULL,
  `failed_jobs` int(11) NOT NULL,
  `failed_job_ids` longtext NOT NULL,
  `options` mediumtext DEFAULT NULL,
  `cancelled_at` int(11) DEFAULT NULL,
  `created_at` int(11) NOT NULL,
  `finished_at` int(11) DEFAULT NULL
) ENGINE=InnoDB DEFAULT CHARSET=utf8mb4 COLLATE=utf8mb4_unicode_ci;

-- --------------------------------------------------------

--
-- Cấu trúc bảng cho bảng `loaisanpham`
--

CREATE TABLE `loaisanpham` (
  `id` bigint(20) UNSIGNED NOT NULL,
  `tenloai` varchar(255) NOT NULL,
  `tenloai_slug` varchar(255) NOT NULL,
  `created_at` timestamp NULL DEFAULT NULL,
  `updated_at` timestamp NULL DEFAULT NULL
) ENGINE=InnoDB DEFAULT CHARSET=utf8mb4 COLLATE=utf8mb4_unicode_ci;

--
-- Đang đổ dữ liệu cho bảng `loaisanpham`
--

INSERT INTO `loaisanpham` (`id`, `tenloai`, `tenloai_slug`, `created_at`, `updated_at`) VALUES
(1, 'Điện Thoại', 'dien-thoai', '2025-12-09 19:37:52', '2025-12-09 19:37:52'),
(2, 'Máy Tính Bảng', 'may-tinh-bang', '2025-12-09 19:37:55', '2025-12-09 19:38:13'),
(3, 'Laptop', 'laptop', '2025-12-09 19:38:18', '2025-12-09 19:38:18');

-- --------------------------------------------------------

--
-- Cấu trúc bảng cho bảng `migrations`
--

CREATE TABLE `migrations` (
  `id` int(10) UNSIGNED NOT NULL,
  `migration` varchar(255) NOT NULL,
  `batch` int(11) NOT NULL
) ENGINE=InnoDB DEFAULT CHARSET=utf8mb4 COLLATE=utf8mb4_unicode_ci;

--
-- Đang đổ dữ liệu cho bảng `migrations`
--

INSERT INTO `migrations` (`id`, `migration`, `batch`) VALUES
(1, '0001_01_01_000000_create_users_table', 1),
(2, '0001_01_01_000001_create_cache_table', 1),
(3, '0001_01_01_000002_create_jobs_table', 1),
(4, '2025_11_04_092518_create_loai_san_phams_table', 1),
(5, '2025_11_04_092528_create_hang_san_xuats_table', 1),
(6, '2025_11_04_092558_create_san_phams_table', 1),
(7, '2025_11_18_052728_create_tinh_trangs_table', 1),
(8, '2025_11_18_052729_create_don_hangs_table', 1),
(9, '2025_11_18_053126_create_don_hang_chi_tiets_table', 1),
(10, '2025_11_28_115649_create_danh_gias_table', 1),
(11, '2025_12_10_072246_create_binhluan_table', 2),
(12, '2025_12_11_083418_create_vouchers_table', 3),
(13, '2025_12_11_094819_create_user_vouchers_table', 4),
(14, '2025_12_11_103628_add_user_id_to_vouchers_table', 5),
(15, '2025_12_11_105125_add_voucher_id_to_donhang_table', 6),
(16, '2025_12_11_142509_create_hopdong_tragop_table', 7),
(17, '2025_12_11_143132_create_hop_dong_tra_gops_table', 8),
(18, '2025_12_11_151958_create_hopdong_tragop_table', 9),
(19, '2025_12_12_022327_create_cache_table', 10);

-- --------------------------------------------------------

--
-- Cấu trúc bảng cho bảng `password_reset_tokens`
--

CREATE TABLE `password_reset_tokens` (
  `email` varchar(255) NOT NULL,
  `token` varchar(255) NOT NULL,
  `created_at` timestamp NULL DEFAULT NULL
) ENGINE=InnoDB DEFAULT CHARSET=utf8mb4 COLLATE=utf8mb4_unicode_ci;

-- --------------------------------------------------------

--
-- Cấu trúc bảng cho bảng `sanpham`
--

CREATE TABLE `sanpham` (
  `id` bigint(20) UNSIGNED NOT NULL,
  `loaisanpham_id` bigint(20) UNSIGNED NOT NULL,
  `hangsanxuat_id` bigint(20) UNSIGNED NOT NULL,
  `hinhanh` varchar(255) DEFAULT NULL,
  `tensanpham` varchar(255) NOT NULL,
  `tensanpham_slug` varchar(255) NOT NULL,
  `mota` text DEFAULT NULL,
  `thongso` longtext CHARACTER SET utf8mb4 COLLATE utf8mb4_bin DEFAULT NULL CHECK (json_valid(`thongso`)),
  `soluong` int(11) NOT NULL,
  `gia` double NOT NULL,
  `khuyenmai` tinyint(4) NOT NULL DEFAULT 0,
  `gia_khuyenmai` double DEFAULT NULL,
  `daban` int(11) NOT NULL DEFAULT 0,
  `trangthai` tinyint(4) NOT NULL DEFAULT 0,
  `luotxem` int(11) NOT NULL DEFAULT 0,
  `noibat` tinyint(1) NOT NULL DEFAULT 0,
  `sl_dat_truoc` int(1) NOT NULL DEFAULT 0,
  `created_at` timestamp NULL DEFAULT NULL,
  `updated_at` timestamp NULL DEFAULT NULL
) ENGINE=InnoDB DEFAULT CHARSET=utf8mb4 COLLATE=utf8mb4_unicode_ci;

--
-- Đang đổ dữ liệu cho bảng `sanpham`
--

INSERT INTO `sanpham` (`id`, `loaisanpham_id`, `hangsanxuat_id`, `hinhanh`, `tensanpham`, `tensanpham_slug`, `mota`, `thongso`, `soluong`, `gia`, `khuyenmai`, `gia_khuyenmai`, `daban`, `trangthai`, `luotxem`, `noibat`, `sl_dat_truoc`, `created_at`, `updated_at`) VALUES
(1, 1, 2, 'dien-thoai/iphone-11-128gb-green-400x400.jpg', 'Iphone 11 128Gb', 'iphone-11-128gb', '\"iPhone 11 128GB chính hãng VN/A, màn hình Liquid Retina 6.1 inch, chip A13 Bionic mạnh mẽ, camera kép 12MP, pin dùng cả ngày, Face ID an toàn.\"', '{\"man_hinh\":\"IPS LCD, 6.1\\\", Liquid Retina HD\",\"he_dieu_hanh\":\"iOS 15\",\"camera_sau\":\"2 camera 12 MP (Ch\\u00ednh & Ph\\u1ee5 si\\u00eau r\\u1ed9ng)\",\"camera_truoc\":\"12 MP\",\"chip\":\"Apple A13 Bionic 6 nh\\u00e2n\",\"ram\":\"4 GB\",\"dung_luong_luu_tru\":\"m\\u1edbi)\",\"sim\":\"1 Nano SIM & 1 eSIM, H\\u1ed7 tr\\u1ee3 4G\",\"pin_sac\":\"3110 mAh, S\\u1ea1c nhanh 18 W\"}', 92, 21990000, 10, 19791000, 8, 1, 0, 0, 0, '2025-12-09 19:39:38', '2025-12-11 03:59:23'),
(2, 1, 2, 'dien-thoai/iphone-11-128gb-hop-moi-292520-102500-400x400.jpg', 'Iphone 11 128Gb (Hộp Mới)', 'iphone-11-128gb-hop-moi', '\"iPhone 11 128GB hộp mới 100% (fullbox, chưa active), bảo hành chính hãng 12 tháng, màu sắc đa dạng, máy nguyên seal.\"', '{\"man_hinh\":\"IPS LCD, 6.1\\\", Liquid Retina HD\",\"he_dieu_hanh\":\"iOS 15\",\"camera_sau\":\"2 camera 12 MP (Ch\\u00ednh & Ph\\u1ee5 si\\u00eau r\\u1ed9ng)\",\"camera_truoc\":\"12 MP\",\"chip\":\"Apple A13 Bionic 6 nh\\u00e2n\",\"ram\":\"4 GB\",\"dung_luong_luu_tru\":\"m\\u1edbi)\",\"sim\":\"1 Nano SIM & 1 eSIM, H\\u1ed7 tr\\u1ee3 4G\",\"pin_sac\":\"3110 mAh, S\\u1ea1c nhanh 18 W\"}', 100, 21990000, 23, 16932300, 0, 1, 0, 0, 0, '2025-12-09 19:39:38', '2025-12-11 04:12:40'),
(3, 1, 2, 'dien-thoai/iphone-11-256gb-black-400x400.jpg', 'iPhone 11 256GB', 'iphone-11-256gb', '\"iPhone 11 256GB chính hãng, dung lượng lưu trữ lớn, camera kép chụp đêm xuất sắc, chống nước IP68, màu sắc trẻ trung.\"', '{\"man_hinh\":\"IPS LCD, 6.1\\\", Liquid Retina HD\",\"he_dieu_hanh\":\"iOS 15\",\"camera_sau\":\"2 camera 12 MP (Ch\\u00ednh & Ph\\u1ee5 si\\u00eau r\\u1ed9ng)\",\"camera_truoc\":\"12 MP\",\"chip\":\"Apple A13 Bionic 6 nh\\u00e2n\",\"ram\":\"4 GB\",\"dung_luong_luu_tru\":\"256GB\",\"sim\":\"1 Nano SIM & 1 eSIM, H\\u1ed7 tr\\u1ee3 4G\",\"pin_sac\":\"3110 mAh, S\\u1ea1c nhanh 18 W\"}', 100, 23990000, 33, 16073300, 0, 1, 0, 0, 0, '2025-12-09 19:39:38', '2025-12-09 19:42:58'),
(4, 1, 2, 'dien-thoai/iphone-11-256gb-hop-moi-292520-102539-400x400.jpg', 'iPhone 11 256GB (Hộp mới)', 'iphone-11-256gb-hop-moi', '\"iPhone 11 256GB hộp mới nguyên seal, chưa active, tặng kèm phụ kiện chính hãng, bảo hành dài hạn.\"', '{\"man_hinh\":\"IPS LCD, 6.1\\\", Liquid Retina HD\",\"he_dieu_hanh\":\"iOS 15\",\"camera_sau\":\"2 camera 12 MP (Ch\\u00ednh & Ph\\u1ee5 si\\u00eau r\\u1ed9ng)\",\"camera_truoc\":\"12 MP\",\"chip\":\"Apple A13 Bionic 6 nh\\u00e2n\",\"ram\":\"4 GB\",\"dung_luong_luu_tru\":\"m\\u1edbi)\",\"sim\":\"1 Nano SIM & 1 eSIM, H\\u1ed7 tr\\u1ee3 4G\",\"pin_sac\":\"3110 mAh, S\\u1ea1c nhanh 18 W\"}', 99, 23990000, 12, 21111200, 1, 1, 0, 0, 0, '2025-12-09 19:39:38', '2025-12-12 01:19:34'),
(5, 1, 2, 'dien-thoai/iphone-11-red-600x600-400x400.jpg', 'iPhone 11 64GB', 'iphone-11', '\"iPhone 11 64GB chính hãng VN/A, hiệu năng mạnh mẽ với chip A13, màn hình 6.1 inch sắc nét, pin trâu.\"', '{\"man_hinh\":\"IPS LCD, 6.1\\\", Liquid Retina HD\",\"he_dieu_hanh\":\"iOS 15\",\"camera_sau\":\"2 camera 12 MP (Ch\\u00ednh & Ph\\u1ee5 si\\u00eau r\\u1ed9ng)\",\"camera_truoc\":\"12 MP\",\"chip\":\"Apple A13 Bionic 6 nh\\u00e2n\",\"ram\":\"4 GB\",\"dung_luong_luu_tru\":\"64GB\",\"sim\":\"1 Nano SIM & 1 eSIM, H\\u1ed7 tr\\u1ee3 4G\",\"pin_sac\":\"3110 mAh, S\\u1ea1c nhanh 18 W\"}', 100, 19990000, 11, 17791100, 0, 1, 0, 0, 0, '2025-12-09 19:39:38', '2025-12-09 19:42:58'),
(6, 1, 2, 'dien-thoai/iphone-11-64gb-hop-moi-292420-102454-400x400.jpg', 'iPhone 11 64GB (Hộp mới)', 'iphone-11-64gb-hop-moi', '\"iPhone 11 64GB hộp mới 100%, nguyên seal, chưa kích hoạt, giá cực tốt, bảo hành chính hãng.\"', '{\"man_hinh\":\"IPS LCD, 6.1\\\", Liquid Retina HD\",\"he_dieu_hanh\":\"iOS 15\",\"camera_sau\":\"2 camera 12 MP (Ch\\u00ednh & Ph\\u1ee5 si\\u00eau r\\u1ed9ng)\",\"camera_truoc\":\"12 MP\",\"chip\":\"Apple A13 Bionic 6 nh\\u00e2n\",\"ram\":\"4 GB\",\"dung_luong_luu_tru\":\"m\\u1edbi)\",\"sim\":\"1 Nano SIM & 1 eSIM, H\\u1ed7 tr\\u1ee3 4G\",\"pin_sac\":\"3110 mAh, S\\u1ea1c nhanh 18 W\"}', 100, 19990000, 23, 15392300, 0, 1, 0, 0, 0, '2025-12-09 19:39:38', '2025-12-09 19:42:58'),
(7, 1, 2, 'dien-thoai/iphone-11-pro-256gb-black-400x400.jpg', 'iPhone 11 Pro 256GB', 'iphone-11-pro-256gb', '\"iPhone 11 Pro 256GB, màn hình Super Retina XDR 5.8 inch, camera 3 ống kính 12MP, quay phim 4K, pin lâu hơn 4 tiếng so với Xs.\"', '{\"man_hinh\":\"OLED, 5.8\\\", Super Retina XDR\",\"he_dieu_hanh\":\"iOS 15\",\"camera_sau\":\"3 camera 12 MP (Ch\\u00ednh, Telephoto, Si\\u00eau r\\u1ed9ng)\",\"camera_truoc\":\"12 MP\",\"chip\":\"Apple A13 Bionic 6 nh\\u00e2n\",\"ram\":\"4 GB\",\"dung_luong_luu_tru\":\"256GB\",\"sim\":\"1 Nano SIM & 1 eSIM, H\\u1ed7 tr\\u1ee3 4G\",\"pin_sac\":\"3046 mAh, S\\u1ea1c nhanh 18 W\"}', 100, 30990000, 6, 29130600, 0, 1, 0, 0, 0, '2025-12-09 19:39:38', '2025-12-09 19:42:58'),
(8, 1, 2, 'dien-thoai/iphone-11-pro-black-400x400.jpg', 'iPhone 11 Pro 64GB', 'iphone-11-pro', '\"iPhone 11 Pro 64GB chính hãng, thiết kế thép không gỉ sang trọng, Night Mode chụp đêm tuyệt vời, sạc nhanh 18W.\"', '{\"man_hinh\":\"OLED, 5.8\\\", Super Retina XDR\",\"he_dieu_hanh\":\"iOS 15\",\"camera_sau\":\"3 camera 12 MP (Ch\\u00ednh, Telephoto, Si\\u00eau r\\u1ed9ng)\",\"camera_truoc\":\"12 MP\",\"chip\":\"Apple A13 Bionic 6 nh\\u00e2n\",\"ram\":\"4 GB\",\"dung_luong_luu_tru\":\"64GB\",\"sim\":\"1 Nano SIM & 1 eSIM, H\\u1ed7 tr\\u1ee3 4G\",\"pin_sac\":\"3046 mAh, S\\u1ea1c nhanh 18 W\"}', 100, 26990000, 3, 26180300, 0, 1, 0, 0, 0, '2025-12-09 19:39:38', '2025-12-09 19:42:58'),
(9, 1, 2, 'dien-thoai/iphone-11-pro-max-256gb-black-400x400.jpg', 'Iphone 11 Pro Max 256Gb', 'iphone-11-pro-max-256gb', '\"iPhone 11 Pro Max 256GB, màn hình 6.5 inch lớn nhất, pin trâu nhất dòng 11 Pro, camera zoom quang 2x.\"', '[]', 100, 33990000, 0, NULL, 0, 1, 0, 0, 0, '2025-12-09 19:39:38', '2025-12-09 19:42:58'),
(10, 1, 2, 'dien-thoai/iphone-11-pro-max-512gb-gold-400x400.jpg', 'iPhone 11 Pro Max 512GB', 'iphone-11-pro-max-512gb', '\"iPhone 11 Pro Max 512GB phiên bản dung lượng cao nhất, lý tưởng cho người dùng chuyên nghiệp, quay phim 4K mượt mà.\"', '{\"man_hinh\":\"OLED, 6.5\\\", Super Retina XDR\",\"he_dieu_hanh\":\"iOS 15\",\"camera_sau\":\"3 camera 12 MP (Ch\\u00ednh, Telephoto, Si\\u00eau r\\u1ed9ng)\",\"camera_truoc\":\"12 MP\",\"chip\":\"Apple A13 Bionic 6 nh\\u00e2n\",\"ram\":\"4 GB\",\"dung_luong_luu_tru\":\"512GB\",\"sim\":\"1 Nano SIM & 1 eSIM, H\\u1ed7 tr\\u1ee3 4G\",\"pin_sac\":\"3969 mAh, S\\u1ea1c nhanh 18 W\"}', 100, 37990000, 0, NULL, 0, 1, 0, 0, 0, '2025-12-09 19:39:38', '2025-12-09 19:42:58'),
(11, 1, 2, 'dien-thoai/iphone-11-pro-max-green-400x400.jpg', 'iPhone 11 Pro Max 64GB', 'iphone-11-pro-max', '\"iPhone 11 Pro Max 64GB chính hãng, màn hình OLED 6.5 inch, chip A13 siêu nhanh, chống nước sâu 4m.\"', '{\"man_hinh\":\"OLED, 6.5\\\", Super Retina XDR\",\"he_dieu_hanh\":\"iOS 15\",\"camera_sau\":\"3 camera 12 MP (Ch\\u00ednh, Telephoto, Si\\u00eau r\\u1ed9ng)\",\"camera_truoc\":\"12 MP\",\"chip\":\"Apple A13 Bionic 6 nh\\u00e2n\",\"ram\":\"4 GB\",\"dung_luong_luu_tru\":\"64GB\",\"sim\":\"1 Nano SIM & 1 eSIM, H\\u1ed7 tr\\u1ee3 4G\",\"pin_sac\":\"3969 mAh, S\\u1ea1c nhanh 18 W\"}', 100, 29990000, 0, NULL, 0, 1, 0, 0, 0, '2025-12-09 19:39:38', '2025-12-09 19:42:58'),
(12, 1, 2, 'dien-thoai/iphone-12-128gb-195820-105824-400x400.jpg', 'iPhone 12 128GB', 'iphone-12-128gb', '\"iPhone 12 128GB, màn hình OLED Super Retina XDR, chip A14 Bionic, 5G siêu tốc, MagSafe sạc không dây.\"', '{\"man_hinh\":\"OLED, 6.1\\\", Super Retina XDR\",\"he_dieu_hanh\":\"iOS 15\",\"camera_sau\":\"2 camera 12 MP (Ch\\u00ednh & Ph\\u1ee5 si\\u00eau r\\u1ed9ng)\",\"camera_truoc\":\"12 MP\",\"chip\":\"Apple A14 Bionic 6 nh\\u00e2n\",\"ram\":\"4 GB\",\"dung_luong_luu_tru\":\"128GB\",\"sim\":\"1 Nano SIM & 1 eSIM, H\\u1ed7 tr\\u1ee3 5G\",\"pin_sac\":\"2815 mAh, S\\u1ea1c nhanh 20 W, S\\u1ea1c kh\\u00f4ng d\\u00e2y MagSafe 15 W\"}', 100, 26990000, 0, NULL, 0, 1, 0, 0, 0, '2025-12-09 19:39:38', '2025-12-09 19:42:58'),
(13, 1, 2, 'dien-thoai/iphone-12-256gb-195920-105925-400x400.jpg', 'iPhone 12 256GB', 'iphone-12-256gb', '\"iPhone 12 256GB chính hãng, camera kép cải tiến, Night Mode cả 2 camera, thiết kế viền phẳng hiện đại.\"', '{\"man_hinh\":\"OLED, 6.1\\\", Super Retina XDR\",\"he_dieu_hanh\":\"iOS 15\",\"camera_sau\":\"2 camera 12 MP (Ch\\u00ednh & Ph\\u1ee5 si\\u00eau r\\u1ed9ng)\",\"camera_truoc\":\"12 MP\",\"chip\":\"Apple A14 Bionic 6 nh\\u00e2n\",\"ram\":\"4 GB\",\"dung_luong_luu_tru\":\"256GB\",\"sim\":\"1 Nano SIM & 1 eSIM, H\\u1ed7 tr\\u1ee3 5G\",\"pin_sac\":\"2815 mAh, S\\u1ea1c nhanh 20 W, S\\u1ea1c kh\\u00f4ng d\\u00e2y MagSafe 15 W\"}', 100, 28990000, 0, NULL, 0, 1, 0, 0, 0, '2025-12-09 19:39:38', '2025-12-09 19:42:58'),
(14, 1, 2, 'dien-thoai/iphone-12-blue-600x600-thumb-hen-gio.jpg', 'iPhone 12 64GB', 'iphone-12', '\"iPhone 12 64GB, hỗ trợ 5G, Ceramic Shield cứng hơn 4 lần, màu sắc mới trẻ trung.\"', '{\"man_hinh\":\"OLED, 6.1\\\", Super Retina XDR\",\"he_dieu_hanh\":\"iOS 15\",\"camera_sau\":\"2 camera 12 MP (Ch\\u00ednh & Ph\\u1ee5 si\\u00eau r\\u1ed9ng)\",\"camera_truoc\":\"12 MP\",\"chip\":\"Apple A14 Bionic 6 nh\\u00e2n\",\"ram\":\"4 GB\",\"dung_luong_luu_tru\":\"64GB\",\"sim\":\"1 Nano SIM & 1 eSIM, H\\u1ed7 tr\\u1ee3 5G\",\"pin_sac\":\"2815 mAh, S\\u1ea1c nhanh 20 W, S\\u1ea1c kh\\u00f4ng d\\u00e2y MagSafe 15 W\"}', 100, 24990000, 0, NULL, 0, 1, 0, 0, 0, '2025-12-09 19:39:38', '2025-12-09 19:42:58'),
(15, 1, 2, 'dien-thoai/iphone-12-mini-128gb-193420-023429-400x400.jpg', 'iPhone 12 mini 128GB', 'iphone-12-mini-128gb', '\"iPhone 12 mini 128GB nhỏ gọn 5.4 inch, hiệu năng như iPhone 12 thường, dễ cầm một tay.\"', '{\"man_hinh\":\"OLED, 5.4\\\", Super Retina XDR\",\"he_dieu_hanh\":\"iOS 15\",\"camera_sau\":\"2 camera 12 MP (Ch\\u00ednh & Ph\\u1ee5 si\\u00eau r\\u1ed9ng)\",\"camera_truoc\":\"12 MP\",\"chip\":\"Apple A14 Bionic 6 nh\\u00e2n\",\"ram\":\"4 GB\",\"dung_luong_luu_tru\":\"128GB\",\"sim\":\"1 Nano SIM & 1 eSIM, H\\u1ed7 tr\\u1ee3 5G\",\"pin_sac\":\"2227 mAh, S\\u1ea1c nhanh 20 W\"}', 100, 23990000, 0, NULL, 0, 1, 0, 0, 0, '2025-12-09 19:39:38', '2025-12-09 19:42:58'),
(16, 1, 2, 'dien-thoai/iphone-12-mini-256gb-193220-023247-400x400.jpg', 'iPhone 12 mini 256GB', 'iphone-12-mini-256gb', '\"iPhone 12 mini 256GB dung lượng lớn, màn hình OLED, camera kép, 5G, màu sắc nổi bật.\"', '{\"man_hinh\":\"OLED, 5.4\\\", Super Retina XDR\",\"he_dieu_hanh\":\"iOS 15\",\"camera_sau\":\"2 camera 12 MP (Ch\\u00ednh & Ph\\u1ee5 si\\u00eau r\\u1ed9ng)\",\"camera_truoc\":\"12 MP\",\"chip\":\"Apple A14 Bionic 6 nh\\u00e2n\",\"ram\":\"4 GB\",\"dung_luong_luu_tru\":\"256GB\",\"sim\":\"1 Nano SIM & 1 eSIM, H\\u1ed7 tr\\u1ee3 5G\",\"pin_sac\":\"2227 mAh, S\\u1ea1c nhanh 20 W\"}', 100, 25990000, 0, NULL, 0, 1, 0, 0, 0, '2025-12-09 19:39:38', '2025-12-09 19:42:58'),
(17, 1, 2, 'dien-thoai/iphone-12-mini-blue-600jpg-400x400.jpg', 'iPhone 12 mini 64GB', 'iphone-12-mini', '\"iPhone 12 mini 64GB nhỏ nhất dòng 12, chip A14, MagSafe, chống nước IP68.\"', '{\"man_hinh\":\"OLED, 5.4\\\", Super Retina XDR\",\"he_dieu_hanh\":\"iOS 15\",\"camera_sau\":\"2 camera 12 MP (Ch\\u00ednh & Ph\\u1ee5 si\\u00eau r\\u1ed9ng)\",\"camera_truoc\":\"12 MP\",\"chip\":\"Apple A14 Bionic 6 nh\\u00e2n\",\"ram\":\"4 GB\",\"dung_luong_luu_tru\":\"64GB\",\"sim\":\"1 Nano SIM & 1 eSIM, H\\u1ed7 tr\\u1ee3 5G\",\"pin_sac\":\"2227 mAh, S\\u1ea1c nhanh 20 W\"}', 100, 21990000, 0, NULL, 0, 1, 0, 0, 0, '2025-12-09 19:39:38', '2025-12-09 19:42:58'),
(18, 1, 2, 'dien-thoai/iphone-12-pro-260020-110014-400x400.jpg', 'iPhone 12 Pro 128GB', 'iphone-12-pro', '\"iPhone 12 Pro 128GB, camera LiDAR quét 3D, zoom 4x, thép không gỉ, màu Graphite sang trọng.\"', '{\"man_hinh\":\"OLED, 6.1\\\", Super Retina XDR\",\"he_dieu_hanh\":\"iOS 15\",\"camera_sau\":\"3 camera 12 MP (Ch\\u00ednh, Telephoto, Si\\u00eau r\\u1ed9ng)\",\"camera_truoc\":\"12 MP\",\"chip\":\"Apple A14 Bionic 6 nh\\u00e2n\",\"ram\":\"4 GB\",\"dung_luong_luu_tru\":\"128GB\",\"sim\":\"1 Nano SIM & 1 eSIM, H\\u1ed7 tr\\u1ee3 5G\",\"pin_sac\":\"2815 mAh, S\\u1ea1c nhanh 20 W\"}', 100, 30990000, 0, NULL, 0, 1, 0, 0, 0, '2025-12-09 19:39:38', '2025-12-09 19:42:58'),
(19, 1, 2, 'dien-thoai/iphone-12-pro-256gb-190120-020118-400x400.jpg', 'iPhone 12 Pro 256GB', 'iphone-12-pro-256gb', '\"iPhone 12 Pro 256GB, quay phim Dolby Vision HDR, màn hình 6.1 inch, pin tốt hơn 12 thường.\"', '{\"man_hinh\":\"OLED, 6.1\\\", Super Retina XDR\",\"he_dieu_hanh\":\"iOS 15\",\"camera_sau\":\"3 camera 12 MP (Ch\\u00ednh, Telephoto, Si\\u00eau r\\u1ed9ng)\",\"camera_truoc\":\"12 MP\",\"chip\":\"Apple A14 Bionic 6 nh\\u00e2n\",\"ram\":\"4 GB\",\"dung_luong_luu_tru\":\"256GB\",\"sim\":\"1 Nano SIM & 1 eSIM, H\\u1ed7 tr\\u1ee3 5G\",\"pin_sac\":\"2815 mAh, S\\u1ea1c nhanh 20 W\"}', 100, 34990000, 0, NULL, 0, 1, 0, 0, 0, '2025-12-09 19:39:38', '2025-12-09 19:42:58'),
(20, 1, 2, 'dien-thoai/iphone-12-pro-512gb-190720-020739-400x400.jpg', 'iPhone 12 Pro 512GB', 'iphone-12-pro-512gb', '\"iPhone 12 Pro 512GB phiên bản cao cấp nhất, lưu trữ cực lớn, phù hợp nhà sáng tạo nội dung.\"', '{\"man_hinh\":\"OLED, 6.1\\\", Super Retina XDR\",\"he_dieu_hanh\":\"iOS 15\",\"camera_sau\":\"3 camera 12 MP (Ch\\u00ednh, Telephoto, Si\\u00eau r\\u1ed9ng)\",\"camera_truoc\":\"12 MP\",\"chip\":\"Apple A14 Bionic 6 nh\\u00e2n\",\"ram\":\"4 GB\",\"dung_luong_luu_tru\":\"512GB\",\"sim\":\"1 Nano SIM & 1 eSIM, H\\u1ed7 tr\\u1ee3 5G\",\"pin_sac\":\"2815 mAh, S\\u1ea1c nhanh 20 W\"}', 100, 40990000, 0, NULL, 0, 1, 0, 0, 0, '2025-12-09 19:39:38', '2025-12-09 19:42:58'),
(21, 1, 2, 'dien-thoai/iphone-12-pro-max-195420-015420-400x400.jpg', 'iPhone 12 Pro Max 128GB', 'iphone-12-pro-max', '\"iPhone 12 Pro Max 128GB, màn hình lớn 6.7 inch, camera zoom xa nhất 5x, pin khủng.\"', '{\"man_hinh\":\"OLED, 6.7\\\", Super Retina XDR\",\"he_dieu_hanh\":\"iOS 15\",\"camera_sau\":\"3 camera 12 MP (Ch\\u00ednh, Telephoto, Si\\u00eau r\\u1ed9ng)\",\"camera_truoc\":\"12 MP\",\"chip\":\"Apple A14 Bionic 6 nh\\u00e2n\",\"ram\":\"4 GB\",\"dung_luong_luu_tru\":\"128GB\",\"sim\":\"1 Nano SIM & 1 eSIM, H\\u1ed7 tr\\u1ee3 5G\",\"pin_sac\":\"3687 mAh, S\\u1ea1c nhanh 20 W\"}', 100, 33990000, 0, NULL, 0, 1, 0, 0, 0, '2025-12-09 19:39:38', '2025-12-09 19:42:58'),
(22, 1, 2, 'dien-thoai/iphone-12-pro-max-256gb-190320-020344-400x400.jpg', 'iPhone 12 Pro Max 256GB', 'iphone-12-pro-max-256gb', '\"iPhone 12 Pro Max 256GB, cảm biến camera lớn hơn, chống rung Sensor-shift, màu Pacific Blue đẹp mắt.\"', '{\"man_hinh\":\"OLED, 6.7\\\", Super Retina XDR\",\"he_dieu_hanh\":\"iOS 15\",\"camera_sau\":\"3 camera 12 MP (Ch\\u00ednh, Telephoto, Si\\u00eau r\\u1ed9ng)\",\"camera_truoc\":\"12 MP\",\"chip\":\"Apple A14 Bionic 6 nh\\u00e2n\",\"ram\":\"4 GB\",\"dung_luong_luu_tru\":\"256GB\",\"sim\":\"1 Nano SIM & 1 eSIM, H\\u1ed7 tr\\u1ee3 5G\",\"pin_sac\":\"3687 mAh, S\\u1ea1c nhanh 20 W\"}', 100, 37990000, 0, NULL, 0, 1, 0, 0, 0, '2025-12-09 19:39:38', '2025-12-09 19:42:58'),
(23, 1, 2, 'dien-thoai/iphone-12-pro-max-512gb-191020-021035-400x400.jpg', 'iPhone 12 Pro Max 512GB', 'iphone-12-pro-max-512gb', '\"iPhone 12 Pro Max 512GB phiên bản đỉnh cao, quay phim 10-bit HDR, lưu trữ không giới hạn.\"', '{\"man_hinh\":\"OLED, 6.7\\\", Super Retina XDR\",\"he_dieu_hanh\":\"iOS 15\",\"camera_sau\":\"3 camera 12 MP (Ch\\u00ednh, Telephoto, Si\\u00eau r\\u1ed9ng)\",\"camera_truoc\":\"12 MP\",\"chip\":\"Apple A14 Bionic 6 nh\\u00e2n\",\"ram\":\"4 GB\",\"dung_luong_luu_tru\":\"512GB\",\"sim\":\"1 Nano SIM & 1 eSIM, H\\u1ed7 tr\\u1ee3 5G\",\"pin_sac\":\"3687 mAh, S\\u1ea1c nhanh 20 W\"}', 100, 43990000, 0, NULL, 0, 1, 0, 0, 0, '2025-12-09 19:39:38', '2025-12-09 19:42:58'),
(24, 1, 2, 'dien-thoai/iphone-7-128gb-hh-400x400.jpg', 'iPhone 7 128GB', 'iphone-7-128gb', '\"iPhone 7 128GB likenew 99%, pin mới, màn hình Retina HD 4.7 inch, chống nước IP67, camera 12MP.\"', '{\"man_hinh\":\"IPS LCD, 4.7\\\" \\u0111\\u1ebfn 6.5\\\", Retina HD\",\"he_dieu_hanh\":\"iOS 14 ho\\u1eb7c m\\u1edbi h\\u01a1n\",\"camera_sau\":\"12 MP (\\u0111\\u01a1n ho\\u1eb7c k\\u00e9p t\\u00f9y model)\",\"camera_truoc\":\"7 MP ho\\u1eb7c 12 MP\",\"chip\":\"Apple A10 \\u0111\\u1ebfn A12 Bionic\",\"ram\":\"2 GB \\u0111\\u1ebfn 4 GB\",\"dung_luong_luu_tru\":\"128GB\",\"sim\":\"1 Nano SIM\",\"pin_sac\":\"1821 mAh \\u0111\\u1ebfn 3174 mAh, S\\u1ea1c nhanh 18 W\"}', 100, 9990000, 0, NULL, 0, 1, 0, 0, 0, '2025-12-09 19:39:38', '2025-12-09 19:42:58'),
(25, 1, 2, 'dien-thoai/iphone-7-gold-400x400.jpg', 'iPhone 7 32GB', 'iphone-7', '\"iPhone 7 32GB chính hãng cũ, chip A10 nhanh, nút Home Touch ID, âm thanh stereo.\"', '{\"man_hinh\":\"IPS LCD, 4.7\\\" \\u0111\\u1ebfn 6.5\\\", Retina HD\",\"he_dieu_hanh\":\"iOS 14 ho\\u1eb7c m\\u1edbi h\\u01a1n\",\"camera_sau\":\"12 MP (\\u0111\\u01a1n ho\\u1eb7c k\\u00e9p t\\u00f9y model)\",\"camera_truoc\":\"7 MP ho\\u1eb7c 12 MP\",\"chip\":\"Apple A10 \\u0111\\u1ebfn A12 Bionic\",\"ram\":\"2 GB \\u0111\\u1ebfn 4 GB\",\"dung_luong_luu_tru\":\"32GB\",\"sim\":\"1 Nano SIM\",\"pin_sac\":\"1821 mAh \\u0111\\u1ebfn 3174 mAh, S\\u1ea1c nhanh 18 W\"}', 100, 8990000, 0, NULL, 0, 1, 0, 0, 0, '2025-12-09 19:39:38', '2025-12-09 19:42:58'),
(26, 1, 2, 'dien-thoai/iphone-8-plus-128gb-082720-052716-400x400.jpg', 'iPhone 8 Plus 128GB', 'iphone-8-plus-128gb', '\"iPhone 8 Plus 128GB likenew, camera kép, sạc không dây, màn hình 5.5 inch, màu vàng hồng sang trọng.\"', '{\"man_hinh\":\"IPS LCD, 4.7\\\" \\u0111\\u1ebfn 6.5\\\", Retina HD\",\"he_dieu_hanh\":\"iOS 14 ho\\u1eb7c m\\u1edbi h\\u01a1n\",\"camera_sau\":\"12 MP (\\u0111\\u01a1n ho\\u1eb7c k\\u00e9p t\\u00f9y model)\",\"camera_truoc\":\"7 MP ho\\u1eb7c 12 MP\",\"chip\":\"Apple A10 \\u0111\\u1ebfn A12 Bionic\",\"ram\":\"2 GB \\u0111\\u1ebfn 4 GB\",\"dung_luong_luu_tru\":\"128GB\",\"sim\":\"1 Nano SIM\",\"pin_sac\":\"1821 mAh \\u0111\\u1ebfn 3174 mAh, S\\u1ea1c nhanh 18 W\"}', 100, 14190000, 0, NULL, 0, 1, 0, 0, 0, '2025-12-09 19:39:38', '2025-12-09 19:42:58'),
(27, 1, 2, 'dien-thoai/iphone-se-128gb-2020-261820-101803-400x400.jpg', 'iPhone SE 128GB (2020)', 'iphone-se-128gb-2020', '\"iPhone SE 2020 128GB, chip A13 như iPhone 11, thiết kế nhỏ gọn 4.7 inch, camera đơn xuất sắc.\"', '{\"man_hinh\":\"IPS LCD, 4.7\\\" \\u0111\\u1ebfn 6.5\\\", Retina HD\",\"he_dieu_hanh\":\"iOS 14 ho\\u1eb7c m\\u1edbi h\\u01a1n\",\"camera_sau\":\"12 MP (\\u0111\\u01a1n ho\\u1eb7c k\\u00e9p t\\u00f9y model)\",\"camera_truoc\":\"7 MP ho\\u1eb7c 12 MP\",\"chip\":\"Apple A10 \\u0111\\u1ebfn A12 Bionic\",\"ram\":\"2 GB \\u0111\\u1ebfn 4 GB\",\"dung_luong_luu_tru\":\"(2020)\",\"sim\":\"1 Nano SIM\",\"pin_sac\":\"1821 mAh \\u0111\\u1ebfn 3174 mAh, S\\u1ea1c nhanh 18 W\"}', 100, 13990000, 0, NULL, 0, 1, 0, 0, 0, '2025-12-09 19:39:38', '2025-12-09 19:42:58'),
(28, 1, 2, 'dien-thoai/iphone-se-128gb-2020-hop-moi-292720-102759-400x400.jpg', 'iPhone SE 128GB (2020) (Hộp mới)', 'iphone-se-128gb-2020-hop-moi', '\"iPhone SE 2020 128GB hộp mới nguyên seal, màu trắng/đen/đỏ, bảo hành chính hãng.\"', '{\"man_hinh\":\"IPS LCD, 4.7\\\" \\u0111\\u1ebfn 6.5\\\", Retina HD\",\"he_dieu_hanh\":\"iOS 14 ho\\u1eb7c m\\u1edbi h\\u01a1n\",\"camera_sau\":\"12 MP (\\u0111\\u01a1n ho\\u1eb7c k\\u00e9p t\\u00f9y model)\",\"camera_truoc\":\"7 MP ho\\u1eb7c 12 MP\",\"chip\":\"Apple A10 \\u0111\\u1ebfn A12 Bionic\",\"ram\":\"2 GB \\u0111\\u1ebfn 4 GB\",\"dung_luong_luu_tru\":\"m\\u1edbi)\",\"sim\":\"1 Nano SIM\",\"pin_sac\":\"1821 mAh \\u0111\\u1ebfn 3174 mAh, S\\u1ea1c nhanh 18 W\"}', 100, 13990000, 0, NULL, 0, 1, 0, 0, 0, '2025-12-09 19:39:38', '2025-12-09 19:42:58'),
(29, 1, 2, 'dien-thoai/iphone-se-256gb-2020-265420-035426-400x400.jpg', 'iPhone SE 256GB (2020)', 'iphone-se-256gb-2020', '\"iPhone SE 2020 256GB dung lượng lớn, hiệu năng mạnh, Touch ID nhanh, chống nước.\"', '{\"man_hinh\":\"IPS LCD, 4.7\\\" \\u0111\\u1ebfn 6.5\\\", Retina HD\",\"he_dieu_hanh\":\"iOS 14 ho\\u1eb7c m\\u1edbi h\\u01a1n\",\"camera_sau\":\"12 MP (\\u0111\\u01a1n ho\\u1eb7c k\\u00e9p t\\u00f9y model)\",\"camera_truoc\":\"7 MP ho\\u1eb7c 12 MP\",\"chip\":\"Apple A10 \\u0111\\u1ebfn A12 Bionic\",\"ram\":\"2 GB \\u0111\\u1ebfn 4 GB\",\"dung_luong_luu_tru\":\"(2020)\",\"sim\":\"1 Nano SIM\",\"pin_sac\":\"1821 mAh \\u0111\\u1ebfn 3174 mAh, S\\u1ea1c nhanh 18 W\"}', 100, 16990000, 0, NULL, 0, 1, 0, 0, 0, '2025-12-09 19:39:38', '2025-12-09 19:42:58'),
(30, 1, 2, 'dien-thoai/iphone-se-256gb-2020-hop-moi-292720-102747-400x400.jpg', 'iPhone SE 256GB (2020) (Hộp mới)', 'iphone-se-256gb-2020-hop-moi', '\"iPhone SE 2020 256GB hộp mới, chưa active, tặng ốp lưng + cường lực.\"', '{\"man_hinh\":\"IPS LCD, 4.7\\\" \\u0111\\u1ebfn 6.5\\\", Retina HD\",\"he_dieu_hanh\":\"iOS 14 ho\\u1eb7c m\\u1edbi h\\u01a1n\",\"camera_sau\":\"12 MP (\\u0111\\u01a1n ho\\u1eb7c k\\u00e9p t\\u00f9y model)\",\"camera_truoc\":\"7 MP ho\\u1eb7c 12 MP\",\"chip\":\"Apple A10 \\u0111\\u1ebfn A12 Bionic\",\"ram\":\"2 GB \\u0111\\u1ebfn 4 GB\",\"dung_luong_luu_tru\":\"m\\u1edbi)\",\"sim\":\"1 Nano SIM\",\"pin_sac\":\"1821 mAh \\u0111\\u1ebfn 3174 mAh, S\\u1ea1c nhanh 18 W\"}', 100, 16990000, 0, NULL, 0, 1, 0, 0, 0, '2025-12-09 19:39:38', '2025-12-09 19:42:58'),
(31, 1, 2, 'dien-thoai/iphone-se-2020-thumb-red-600x600-400x400.jpg', 'iPhone SE 64GB (2020)', 'iphone-se-2020', '\"iPhone SE 2020 64GB chính hãng, màu đỏ nổi bật, chip A13, quay phim 4K.\"', '{\"man_hinh\":\"IPS LCD, 4.7\\\" \\u0111\\u1ebfn 6.5\\\", Retina HD\",\"he_dieu_hanh\":\"iOS 14 ho\\u1eb7c m\\u1edbi h\\u01a1n\",\"camera_sau\":\"12 MP (\\u0111\\u01a1n ho\\u1eb7c k\\u00e9p t\\u00f9y model)\",\"camera_truoc\":\"7 MP ho\\u1eb7c 12 MP\",\"chip\":\"Apple A10 \\u0111\\u1ebfn A12 Bionic\",\"ram\":\"2 GB \\u0111\\u1ebfn 4 GB\",\"dung_luong_luu_tru\":\"(2020)\",\"sim\":\"1 Nano SIM\",\"pin_sac\":\"1821 mAh \\u0111\\u1ebfn 3174 mAh, S\\u1ea1c nhanh 18 W\"}', 100, 12990000, 0, NULL, 0, 1, 0, 0, 0, '2025-12-09 19:39:38', '2025-12-09 19:42:58'),
(32, 1, 2, 'dien-thoai/iphone-se-64gb-2020-hop-moi.jpg', 'iPhone SE 64GB (2020) (Hộp mới)', 'iphone-se-64gb-2020-hop-moi', '\"iPhone SE 2020 64GB hộp mới nguyên seal, giá rẻ nhất thị trường.\"', '{\"man_hinh\":\"IPS LCD, 4.7\\\" \\u0111\\u1ebfn 6.5\\\", Retina HD\",\"he_dieu_hanh\":\"iOS 14 ho\\u1eb7c m\\u1edbi h\\u01a1n\",\"camera_sau\":\"12 MP (\\u0111\\u01a1n ho\\u1eb7c k\\u00e9p t\\u00f9y model)\",\"camera_truoc\":\"7 MP ho\\u1eb7c 12 MP\",\"chip\":\"Apple A10 \\u0111\\u1ebfn A12 Bionic\",\"ram\":\"2 GB \\u0111\\u1ebfn 4 GB\",\"dung_luong_luu_tru\":\"m\\u1edbi)\",\"sim\":\"1 Nano SIM\",\"pin_sac\":\"1821 mAh \\u0111\\u1ebfn 3174 mAh, S\\u1ea1c nhanh 18 W\"}', 100, 12990000, 0, NULL, 0, 1, 0, 0, 0, '2025-12-09 19:39:38', '2025-12-09 19:42:58'),
(33, 1, 2, 'dien-thoai/iphone-xr-hopmoi-den-600x600-400x400.jpg', 'iPhone Xr 64GB', 'iphone-xr', '\"iPhone Xr 64GB likenew 99%, màn hình Liquid Retina 6.1 inch, Face ID, màu đen thời thượng.\"', '{\"man_hinh\":\"IPS LCD, 4.7\\\" \\u0111\\u1ebfn 6.5\\\", Retina HD\",\"he_dieu_hanh\":\"iOS 14 ho\\u1eb7c m\\u1edbi h\\u01a1n\",\"camera_sau\":\"12 MP (\\u0111\\u01a1n ho\\u1eb7c k\\u00e9p t\\u00f9y model)\",\"camera_truoc\":\"7 MP ho\\u1eb7c 12 MP\",\"chip\":\"Apple A10 \\u0111\\u1ebfn A12 Bionic\",\"ram\":\"2 GB \\u0111\\u1ebfn 4 GB\",\"dung_luong_luu_tru\":\"64GB\",\"sim\":\"1 Nano SIM\",\"pin_sac\":\"1821 mAh \\u0111\\u1ebfn 3174 mAh, S\\u1ea1c nhanh 18 W\"}', 100, 14490000, 0, NULL, 0, 1, 0, 0, 0, '2025-12-09 19:39:38', '2025-12-09 19:42:58'),
(34, 1, 2, 'dien-thoai/iphone-xs-gold-600x600-2-400x400.jpg', 'iPhone Xs 64GB', 'iphone-xs', '\"iPhone Xs 64GB likenew, màn hình OLED 5.8 inch, camera kép, chip A12, màu vàng gold.\"', '{\"man_hinh\":\"IPS LCD, 4.7\\\" \\u0111\\u1ebfn 6.5\\\", Retina HD\",\"he_dieu_hanh\":\"iOS 14 ho\\u1eb7c m\\u1edbi h\\u01a1n\",\"camera_sau\":\"12 MP (\\u0111\\u01a1n ho\\u1eb7c k\\u00e9p t\\u00f9y model)\",\"camera_truoc\":\"7 MP ho\\u1eb7c 12 MP\",\"chip\":\"Apple A10 \\u0111\\u1ebfn A12 Bionic\",\"ram\":\"2 GB \\u0111\\u1ebfn 4 GB\",\"dung_luong_luu_tru\":\"64GB\",\"sim\":\"1 Nano SIM\",\"pin_sac\":\"1821 mAh \\u0111\\u1ebfn 3174 mAh, S\\u1ea1c nhanh 18 W\"}', 100, 17990000, 0, NULL, 0, 1, 0, 0, 0, '2025-12-09 19:39:38', '2025-12-09 19:42:58'),
(35, 1, 7, 'dien-thoai/itel-s15-pro-purple-400x400.jpg', 'Itel S15 Pro', 'itel-s15-pro', '\"Itel S15 Pro màn hình 6.1 inch, camera selfie 16MP, pin 3000mAh, Android 9 Pie.\"', '{\"man_hinh\":\"IPS LCD ho\\u1eb7c TFT, 5.5\\\" \\u0111\\u1ebfn 6.5\\\", HD+\",\"he_dieu_hanh\":\"Android 10 (Go edition) ho\\u1eb7c KaiOS\",\"camera_sau\":\"8 MP \\u0111\\u1ebfn 13 MP (\\u0111\\u01a1n ho\\u1eb7c k\\u00e9p)\",\"camera_truoc\":\"5 MP\",\"chip\":\"MediaTek MT6762 ho\\u1eb7c t\\u01b0\\u01a1ng \\u0111\\u01b0\\u01a1ng\",\"ram\":\"1 GB \\u0111\\u1ebfn 4 GB\",\"dung_luong_luu_tru\":\"16 GB \\u0111\\u1ebfn 64 GB\",\"sim\":\"2 Nano SIM\",\"pin_sac\":\"3000 mAh \\u0111\\u1ebfn 4000 mAh, S\\u1ea1c 10 W\"}', 100, 1690000, 0, NULL, 0, 1, 0, 0, 0, '2025-12-09 19:39:38', '2025-12-09 19:42:58'),
(36, 1, 10, 'dien-thoai/masstel-hapi-10-fami-den-600x600-400x400.jpg', 'Masstel HAPI 10 Fami', 'masstel-hapi-10-fami', '\"Masstel HAPI 10 Fami dành cho người lớn tuổi, phím lớn, loa to, pin 1400mAh, 4G.\"', '{\"man_hinh\":\"IPS LCD ho\\u1eb7c TFT, 5.5\\\" \\u0111\\u1ebfn 6.5\\\", HD+\",\"he_dieu_hanh\":\"Android 10 (Go edition) ho\\u1eb7c KaiOS\",\"camera_sau\":\"8 MP \\u0111\\u1ebfn 13 MP (\\u0111\\u01a1n ho\\u1eb7c k\\u00e9p)\",\"camera_truoc\":\"5 MP\",\"chip\":\"MediaTek MT6762 ho\\u1eb7c t\\u01b0\\u01a1ng \\u0111\\u01b0\\u01a1ng\",\"ram\":\"1 GB \\u0111\\u1ebfn 4 GB\",\"dung_luong_luu_tru\":\"16 GB \\u0111\\u1ebfn 64 GB\",\"sim\":\"2 Nano SIM\",\"pin_sac\":\"3000 mAh \\u0111\\u1ebfn 4000 mAh, S\\u1ea1c 10 W\"}', 100, 1190000, 0, NULL, 0, 1, 0, 0, 0, '2025-12-09 19:39:38', '2025-12-09 19:42:58'),
(37, 1, 13, 'dien-thoai/nokia-24-015620-025624-400x400.jpg', 'Nokia 2.4', 'nokia-24', '\"Nokia 2.4 màn hình 6.5 inch HD+, pin 4500mAh, camera kép AI, Android One sạch.\"', '{\"man_hinh\":\"TFT LCD, 2.4\\\" \\u0111\\u1ebfn 2.8\\\", QVGA\",\"he_dieu_hanh\":\"Nokia OS\",\"camera_sau\":\"VGA ho\\u1eb7c 2 MP\",\"camera_truoc\":\"Kh\\u00f4ng\",\"chip\":\"Kh\\u00f4ng\",\"ram\":\"Kh\\u00f4ng\",\"dung_luong_luu_tru\":\"MicroSD l\\u00ean \\u0111\\u1ebfn 32 GB\",\"sim\":\"2 Micro SIM\",\"pin_sac\":\"1020 mAh \\u0111\\u1ebfn 1500 mAh\"}', 100, 2490000, 0, NULL, 0, 1, 0, 0, 0, '2025-12-09 19:39:38', '2025-12-09 19:42:58'),
(38, 1, 13, 'dien-thoai/nokia-230-khong-the-gray-400x400.jpg', 'Nokia 230', 'nokia-230-khong-the', '\"Nokia 230 phím bấm cổ điển, camera 2MP có đèn flash, pin chờ 1 tháng.\"', '{\"man_hinh\":\"TFT LCD, 2.4\\\" \\u0111\\u1ebfn 2.8\\\", QVGA\",\"he_dieu_hanh\":\"Nokia OS\",\"camera_sau\":\"VGA ho\\u1eb7c 2 MP\",\"camera_truoc\":\"Kh\\u00f4ng\",\"chip\":\"Kh\\u00f4ng\",\"ram\":\"Kh\\u00f4ng\",\"dung_luong_luu_tru\":\"MicroSD l\\u00ean \\u0111\\u1ebfn 32 GB\",\"sim\":\"2 Micro SIM\",\"pin_sac\":\"1020 mAh \\u0111\\u1ebfn 1500 mAh\"}', 100, 1250000, 0, NULL, 0, 1, 0, 0, 0, '2025-12-09 19:39:38', '2025-12-09 19:42:58'),
(39, 1, 13, 'dien-thoai/nokia-53-den-600x600-400x400.jpg', 'Nokia 5.3', 'nokia-53', '\"Nokia 5.3 camera tứ 48MP, màn hình 6.55 inch, pin 4000mAh, Android 11.\"', '{\"man_hinh\":\"TFT LCD, 2.4\\\" \\u0111\\u1ebfn 2.8\\\", QVGA\",\"he_dieu_hanh\":\"Nokia OS\",\"camera_sau\":\"VGA ho\\u1eb7c 2 MP\",\"camera_truoc\":\"Kh\\u00f4ng\",\"chip\":\"Kh\\u00f4ng\",\"ram\":\"Kh\\u00f4ng\",\"dung_luong_luu_tru\":\"MicroSD l\\u00ean \\u0111\\u1ebfn 32 GB\",\"sim\":\"2 Micro SIM\",\"pin_sac\":\"1020 mAh \\u0111\\u1ebfn 1500 mAh\"}', 100, 2890000, 0, NULL, 0, 1, 0, 0, 0, '2025-12-09 19:39:38', '2025-12-09 19:42:58'),
(40, 1, 13, 'dien-thoai/nokia-5310-2020-den-do-600x600-400x400.jpg', 'Nokia 5310 (2020)', 'nokia-5310-2020', '\"Nokia 5310 2020 phiên bản tái sinh, loa kép, nghe FM không cần tai nghe.\"', '{\"man_hinh\":\"TFT LCD, 2.4\\\" \\u0111\\u1ebfn 2.8\\\", QVGA\",\"he_dieu_hanh\":\"Nokia OS\",\"camera_sau\":\"VGA ho\\u1eb7c 2 MP\",\"camera_truoc\":\"Kh\\u00f4ng\",\"chip\":\"Kh\\u00f4ng\",\"ram\":\"Kh\\u00f4ng\",\"dung_luong_luu_tru\":\"MicroSD l\\u00ean \\u0111\\u1ebfn 32 GB\",\"sim\":\"2 Micro SIM\",\"pin_sac\":\"1020 mAh \\u0111\\u1ebfn 1500 mAh\"}', 100, 1000000, 0, NULL, 0, 1, 0, 0, 0, '2025-12-09 19:39:38', '2025-12-09 19:42:58'),
(41, 1, 13, 'dien-thoai/nokia-6300-4g-183720-093719-400x400.jpg', 'Nokia 6300 4G', 'nokia-6300-4g', '\"Nokia 6300 4G chạy KaiOS, hỗ trợ WhatsApp, Facebook, pin 1500mAh.\"', '{\"man_hinh\":\"TFT LCD, 2.4\\\" \\u0111\\u1ebfn 2.8\\\", QVGA\",\"he_dieu_hanh\":\"Nokia OS\",\"camera_sau\":\"VGA ho\\u1eb7c 2 MP\",\"camera_truoc\":\"Kh\\u00f4ng\",\"chip\":\"Kh\\u00f4ng\",\"ram\":\"Kh\\u00f4ng\",\"dung_luong_luu_tru\":\"MicroSD l\\u00ean \\u0111\\u1ebfn 32 GB\",\"sim\":\"2 Micro SIM\",\"pin_sac\":\"1020 mAh \\u0111\\u1ebfn 1500 mAh\"}', 100, 1290000, 0, NULL, 0, 1, 0, 0, 0, '2025-12-09 19:39:38', '2025-12-09 19:42:58'),
(42, 1, 13, 'dien-thoai/nokia-83-012020-032021-400x400.jpg', 'Nokia 8.3 5G', 'nokia-83', '\"Nokia 8.3 5G camera ZEISS 64MP, màn hình 6.81 inch PureDisplay, chip Snapdragon 765G.\"', '{\"man_hinh\":\"TFT LCD, 2.4\\\" \\u0111\\u1ebfn 2.8\\\", QVGA\",\"he_dieu_hanh\":\"Nokia OS\",\"camera_sau\":\"VGA ho\\u1eb7c 2 MP\",\"camera_truoc\":\"Kh\\u00f4ng\",\"chip\":\"Kh\\u00f4ng\",\"ram\":\"Kh\\u00f4ng\",\"dung_luong_luu_tru\":\"MicroSD l\\u00ean \\u0111\\u1ebfn 32 GB\",\"sim\":\"2 Micro SIM\",\"pin_sac\":\"1020 mAh \\u0111\\u1ebfn 1500 mAh\"}', 100, 11990000, 0, NULL, 0, 1, 0, 0, 0, '2025-12-09 19:39:38', '2025-12-09 19:42:58'),
(43, 1, 13, 'dien-thoai/nokia-8000-4g-184620-094629-400x400.jpg', 'Nokia 8000 4G', 'nokia-8000-4g', '\"Nokia 8000 4G thiết kế trượt sang trọng, KaiOS, WiFi hotspot, pin lâu.\"', '{\"man_hinh\":\"TFT LCD, 2.4\\\" \\u0111\\u1ebfn 2.8\\\", QVGA\",\"he_dieu_hanh\":\"Nokia OS\",\"camera_sau\":\"VGA ho\\u1eb7c 2 MP\",\"camera_truoc\":\"Kh\\u00f4ng\",\"chip\":\"Kh\\u00f4ng\",\"ram\":\"Kh\\u00f4ng\",\"dung_luong_luu_tru\":\"MicroSD l\\u00ean \\u0111\\u1ebfn 32 GB\",\"sim\":\"2 Micro SIM\",\"pin_sac\":\"1020 mAh \\u0111\\u1ebfn 1500 mAh\"}', 100, 1790000, 0, NULL, 0, 1, 0, 0, 0, '2025-12-09 19:39:38', '2025-12-09 19:42:58'),
(44, 1, 13, 'dien-thoai/nokia-c2-xanh-600x600-400x400.jpg', 'Nokia C2', 'nokia-c2', '\"Nokia C2 giá rẻ, màn hình 5.7 inch, Android Go, camera 5MP, pin tháo rời.\"', '{\"man_hinh\":\"TFT LCD, 2.4\\\" \\u0111\\u1ebfn 2.8\\\", QVGA\",\"he_dieu_hanh\":\"Nokia OS\",\"camera_sau\":\"VGA ho\\u1eb7c 2 MP\",\"camera_truoc\":\"Kh\\u00f4ng\",\"chip\":\"Kh\\u00f4ng\",\"ram\":\"Kh\\u00f4ng\",\"dung_luong_luu_tru\":\"MicroSD l\\u00ean \\u0111\\u1ebfn 32 GB\",\"sim\":\"2 Micro SIM\",\"pin_sac\":\"1020 mAh \\u0111\\u1ebfn 1500 mAh\"}', 100, 1490000, 0, NULL, 0, 1, 0, 0, 0, '2025-12-09 19:39:38', '2025-12-09 19:42:58'),
(45, 1, 14, 'dien-thoai/oneplus-8-pro-600x600-2-400x400.jpg', 'OnePlus 8 Pro 5G', 'oneplus-8-pro', '\"OnePlus 8 Pro 5G màn hình Fluid AMOLED 120Hz, Snapdragon 865, sạc nhanh Warp Charge 30W.\"', '{\"man_hinh\":\"IPS LCD ho\\u1eb7c TFT, 5.5\\\" \\u0111\\u1ebfn 6.5\\\", HD+\",\"he_dieu_hanh\":\"Android 10 (Go edition) ho\\u1eb7c KaiOS\",\"camera_sau\":\"8 MP \\u0111\\u1ebfn 13 MP (\\u0111\\u01a1n ho\\u1eb7c k\\u00e9p)\",\"camera_truoc\":\"5 MP\",\"chip\":\"MediaTek MT6762 ho\\u1eb7c t\\u01b0\\u01a1ng \\u0111\\u01b0\\u01a1ng\",\"ram\":\"1 GB \\u0111\\u1ebfn 4 GB\",\"dung_luong_luu_tru\":\"16 GB \\u0111\\u1ebfn 64 GB\",\"sim\":\"2 Nano SIM\",\"pin_sac\":\"3000 mAh \\u0111\\u1ebfn 4000 mAh, S\\u1ea1c 10 W\"}', 100, 22990000, 0, NULL, 0, 1, 0, 0, 0, '2025-12-09 19:39:38', '2025-12-09 19:42:58'),
(46, 1, 14, 'dien-thoai/oneplus-8t-600x600-400x400.jpg', 'OnePlus 8T 5G', 'oneplus-8t', '\"OnePlus 8T 5G màn hình 120Hz, sạc siêu nhanh Warp Charge 65W, camera 48MP.\"', '{\"man_hinh\":\"IPS LCD ho\\u1eb7c TFT, 5.5\\\" \\u0111\\u1ebfn 6.5\\\", HD+\",\"he_dieu_hanh\":\"Android 10 (Go edition) ho\\u1eb7c KaiOS\",\"camera_sau\":\"8 MP \\u0111\\u1ebfn 13 MP (\\u0111\\u01a1n ho\\u1eb7c k\\u00e9p)\",\"camera_truoc\":\"5 MP\",\"chip\":\"MediaTek MT6762 ho\\u1eb7c t\\u01b0\\u01a1ng \\u0111\\u01b0\\u01a1ng\",\"ram\":\"1 GB \\u0111\\u1ebfn 4 GB\",\"dung_luong_luu_tru\":\"16 GB \\u0111\\u1ebfn 64 GB\",\"sim\":\"2 Nano SIM\",\"pin_sac\":\"3000 mAh \\u0111\\u1ebfn 4000 mAh, S\\u1ea1c 10 W\"}', 100, 17490000, 0, NULL, 0, 1, 0, 0, 0, '2025-12-09 19:39:38', '2025-12-09 19:42:58'),
(47, 1, 14, 'dien-thoai/oneplus-nord-5g-600x600-1-400x400.jpg', 'OnePlus Nord 5G', 'oneplus-nord-5g', '\"OnePlus Nord 5G giá tầm trung, màn hình 90Hz, camera kép selfie, 5G tốc độ cao.\"', '{\"man_hinh\":\"IPS LCD ho\\u1eb7c TFT, 5.5\\\" \\u0111\\u1ebfn 6.5\\\", HD+\",\"he_dieu_hanh\":\"Android 10 (Go edition) ho\\u1eb7c KaiOS\",\"camera_sau\":\"8 MP \\u0111\\u1ebfn 13 MP (\\u0111\\u01a1n ho\\u1eb7c k\\u00e9p)\",\"camera_truoc\":\"5 MP\",\"chip\":\"MediaTek MT6762 ho\\u1eb7c t\\u01b0\\u01a1ng \\u0111\\u01b0\\u01a1ng\",\"ram\":\"1 GB \\u0111\\u1ebfn 4 GB\",\"dung_luong_luu_tru\":\"16 GB \\u0111\\u1ebfn 64 GB\",\"sim\":\"2 Nano SIM\",\"pin_sac\":\"3000 mAh \\u0111\\u1ebfn 4000 mAh, S\\u1ea1c 10 W\"}', 100, 13990000, 0, NULL, 0, 1, 0, 0, 0, '2025-12-09 19:39:38', '2025-12-09 19:42:58'),
(48, 1, 15, 'dien-thoai/oppo-a31-2020-trang-600x600-1-400x400.jpg', 'OPPO A31 (4GB/128GB)', 'oppo-a31-4gb-128gb', '\"OPPO A31 4GB/128GB, màn hình 6.5 inch giọt nước, pin 4230mAh, camera 12MP.\"', '{\"man_hinh\":\"AMOLED ho\\u1eb7c IPS LCD, 6.4\\\" \\u0111\\u1ebfn 6.5\\\", Full HD+\",\"he_dieu_hanh\":\"Android 10 ho\\u1eb7c 11, ColorOS\\/Funtouch OS\\/Realme UI\\/MIUI\",\"camera_sau\":\"Ch\\u00ednh 48 MP ho\\u1eb7c 64 MP & Ph\\u1ee5 8 MP, 2 MP, 2 MP\",\"camera_truoc\":\"16 MP ho\\u1eb7c 32 MP\",\"chip\":\"Snapdragon 720G \\/ Helio G90T \\/ Dimensity series\",\"ram\":\"4 GB \\u0111\\u1ebfn 8 GB\",\"dung_luong_luu_tru\":\"(4GB\\/128GB)\",\"sim\":\"2 Nano SIM, H\\u1ed7 tr\\u1ee3 4G\\/5G t\\u00f9y model\",\"pin_sac\":\"4000 mAh \\u0111\\u1ebfn 5000 mAh, S\\u1ea1c nhanh 30 W \\u0111\\u1ebfn 65 W\"}', 100, 4490000, 0, NULL, 0, 1, 0, 0, 0, '2025-12-09 19:39:38', '2025-12-09 19:42:58'),
(49, 1, 15, 'dien-thoai/oppo-a31-2020-128gb-den-600x600-1-400x400.jpg', 'OPPO A31 (6GB/128GB)', 'oppo-a31-2020-128gb', '\"OPPO A31 6GB/128GB đa nhiệm mượt, bộ nhớ lớn, màu đen huyền bí.\"', '{\"man_hinh\":\"AMOLED ho\\u1eb7c IPS LCD, 6.4\\\" \\u0111\\u1ebfn 6.5\\\", Full HD+\",\"he_dieu_hanh\":\"Android 10 ho\\u1eb7c 11, ColorOS\\/Funtouch OS\\/Realme UI\\/MIUI\",\"camera_sau\":\"Ch\\u00ednh 48 MP ho\\u1eb7c 64 MP & Ph\\u1ee5 8 MP, 2 MP, 2 MP\",\"camera_truoc\":\"16 MP ho\\u1eb7c 32 MP\",\"chip\":\"Snapdragon 720G \\/ Helio G90T \\/ Dimensity series\",\"ram\":\"4 GB \\u0111\\u1ebfn 8 GB\",\"dung_luong_luu_tru\":\"(6GB\\/128GB)\",\"sim\":\"2 Nano SIM, H\\u1ed7 tr\\u1ee3 4G\\/5G t\\u00f9y model\",\"pin_sac\":\"4000 mAh \\u0111\\u1ebfn 5000 mAh, S\\u1ea1c nhanh 30 W \\u0111\\u1ebfn 65 W\"}', 100, 4790000, 0, NULL, 0, 1, 0, 0, 0, '2025-12-09 19:39:38', '2025-12-09 19:42:58'),
(50, 1, 15, 'dien-thoai/oppo-a52-black-600x600-400x400.jpg', 'OPPO A52', 'oppo-a52', '\"OPPO A52 camera tứ AI 48MP, pin 5000mAh, sạc nhanh 18W, loa stereo.\"', '{\"man_hinh\":\"AMOLED ho\\u1eb7c IPS LCD, 6.4\\\" \\u0111\\u1ebfn 6.5\\\", Full HD+\",\"he_dieu_hanh\":\"Android 10 ho\\u1eb7c 11, ColorOS\\/Funtouch OS\\/Realme UI\\/MIUI\",\"camera_sau\":\"Ch\\u00ednh 48 MP ho\\u1eb7c 64 MP & Ph\\u1ee5 8 MP, 2 MP, 2 MP\",\"camera_truoc\":\"16 MP ho\\u1eb7c 32 MP\",\"chip\":\"Snapdragon 720G \\/ Helio G90T \\/ Dimensity series\",\"ram\":\"4 GB \\u0111\\u1ebfn 8 GB\",\"dung_luong_luu_tru\":\"A52\",\"sim\":\"2 Nano SIM, H\\u1ed7 tr\\u1ee3 4G\\/5G t\\u00f9y model\",\"pin_sac\":\"4000 mAh \\u0111\\u1ebfn 5000 mAh, S\\u1ea1c nhanh 30 W \\u0111\\u1ebfn 65 W\"}', 100, 5990000, 0, NULL, 0, 1, 0, 0, 0, '2025-12-09 19:39:38', '2025-12-09 19:42:58'),
(51, 1, 15, 'dien-thoai/oppo-a53-2020-blue-600x600-400x400.jpg', 'OPPO A53 (2020)', 'oppo-a53-2020', '\"OPPO A53 2020 màn hình 90Hz, pin 5000mAh, sạc nhanh 18W, màu xanh dương.\"', '{\"man_hinh\":\"AMOLED ho\\u1eb7c IPS LCD, 6.4\\\" \\u0111\\u1ebfn 6.5\\\", Full HD+\",\"he_dieu_hanh\":\"Android 10 ho\\u1eb7c 11, ColorOS\\/Funtouch OS\\/Realme UI\\/MIUI\",\"camera_sau\":\"Ch\\u00ednh 48 MP ho\\u1eb7c 64 MP & Ph\\u1ee5 8 MP, 2 MP, 2 MP\",\"camera_truoc\":\"16 MP ho\\u1eb7c 32 MP\",\"chip\":\"Snapdragon 720G \\/ Helio G90T \\/ Dimensity series\",\"ram\":\"4 GB \\u0111\\u1ebfn 8 GB\",\"dung_luong_luu_tru\":\"(2020)\",\"sim\":\"2 Nano SIM, H\\u1ed7 tr\\u1ee3 4G\\/5G t\\u00f9y model\",\"pin_sac\":\"4000 mAh \\u0111\\u1ebfn 5000 mAh, S\\u1ea1c nhanh 30 W \\u0111\\u1ebfn 65 W\"}', 100, 4490000, 0, NULL, 0, 1, 0, 0, 0, '2025-12-09 19:39:38', '2025-12-09 19:42:58'),
(52, 1, 15, 'dien-thoai/oppo-a92-17.jpg', 'OPPO A92', 'oppo-a92', '\"OPPO A92 camera 48MP, màn hình Neo-Display, pin 5000mAh, màu tím cá tính.\"', '{\"man_hinh\":\"AMOLED ho\\u1eb7c IPS LCD, 6.4\\\" \\u0111\\u1ebfn 6.5\\\", Full HD+\",\"he_dieu_hanh\":\"Android 10 ho\\u1eb7c 11, ColorOS\\/Funtouch OS\\/Realme UI\\/MIUI\",\"camera_sau\":\"Ch\\u00ednh 48 MP ho\\u1eb7c 64 MP & Ph\\u1ee5 8 MP, 2 MP, 2 MP\",\"camera_truoc\":\"16 MP ho\\u1eb7c 32 MP\",\"chip\":\"Snapdragon 720G \\/ Helio G90T \\/ Dimensity series\",\"ram\":\"4 GB \\u0111\\u1ebfn 8 GB\",\"dung_luong_luu_tru\":\"A92\",\"sim\":\"2 Nano SIM, H\\u1ed7 tr\\u1ee3 4G\\/5G t\\u00f9y model\",\"pin_sac\":\"4000 mAh \\u0111\\u1ebfn 5000 mAh, S\\u1ea1c nhanh 30 W \\u0111\\u1ebfn 65 W\"}', 100, 6490000, 0, NULL, 0, 1, 0, 0, 0, '2025-12-09 19:39:38', '2025-12-09 19:42:58'),
(53, 1, 15, 'dien-thoai/oppo-a93.jpg', 'OPPO A93', 'oppo-a93', '\"OPPO A93 màn hình AMOLED kép, camera 48MP, sạc nhanh 18W, siêu mỏng.\"', '{\"man_hinh\":\"AMOLED ho\\u1eb7c IPS LCD, 6.4\\\" \\u0111\\u1ebfn 6.5\\\", Full HD+\",\"he_dieu_hanh\":\"Android 10 ho\\u1eb7c 11, ColorOS\\/Funtouch OS\\/Realme UI\\/MIUI\",\"camera_sau\":\"Ch\\u00ednh 48 MP ho\\u1eb7c 64 MP & Ph\\u1ee5 8 MP, 2 MP, 2 MP\",\"camera_truoc\":\"16 MP ho\\u1eb7c 32 MP\",\"chip\":\"Snapdragon 720G \\/ Helio G90T \\/ Dimensity series\",\"ram\":\"4 GB \\u0111\\u1ebfn 8 GB\",\"dung_luong_luu_tru\":\"A93\",\"sim\":\"2 Nano SIM, H\\u1ed7 tr\\u1ee3 4G\\/5G t\\u00f9y model\",\"pin_sac\":\"4000 mAh \\u0111\\u1ebfn 5000 mAh, S\\u1ea1c nhanh 30 W \\u0111\\u1ebfn 65 W\"}', 100, 7490000, 0, NULL, 0, 1, 0, 0, 0, '2025-12-09 19:39:38', '2025-12-09 19:42:58'),
(54, 1, 15, 'dien-thoai/oppo-find-x2-blue-600x600-400x400.jpg', 'OPPO Find X2', 'oppo-find-x2', '\"OPPO Find X2 màn hình 120Hz QHD+, Snapdragon 865, sạc SuperVOOC 65W.\"', '{\"man_hinh\":\"AMOLED ho\\u1eb7c IPS LCD, 6.4\\\" \\u0111\\u1ebfn 6.5\\\", Full HD+\",\"he_dieu_hanh\":\"Android 10 ho\\u1eb7c 11, ColorOS\\/Funtouch OS\\/Realme UI\\/MIUI\",\"camera_sau\":\"Ch\\u00ednh 48 MP ho\\u1eb7c 64 MP & Ph\\u1ee5 8 MP, 2 MP, 2 MP\",\"camera_truoc\":\"16 MP ho\\u1eb7c 32 MP\",\"chip\":\"Snapdragon 720G \\/ Helio G90T \\/ Dimensity series\",\"ram\":\"4 GB \\u0111\\u1ebfn 8 GB\",\"dung_luong_luu_tru\":\"X2\",\"sim\":\"2 Nano SIM, H\\u1ed7 tr\\u1ee3 4G\\/5G t\\u00f9y model\",\"pin_sac\":\"4000 mAh \\u0111\\u1ebfn 5000 mAh, S\\u1ea1c nhanh 30 W \\u0111\\u1ebfn 65 W\"}', 100, 19990000, 0, NULL, 0, 1, 0, 0, 0, '2025-12-09 19:39:38', '2025-12-09 19:42:58'),
(55, 1, 15, 'dien-thoai/oppo-reno3-trang-600x600-400x400.jpg', 'OPPO Reno3', 'oppo-reno3', '\"OPPO Reno3 camera 48MP, quay phim chống rung, pin 4025mAh, VOOC 3.0.\"', '{\"man_hinh\":\"AMOLED ho\\u1eb7c IPS LCD, 6.4\\\" \\u0111\\u1ebfn 6.5\\\", Full HD+\",\"he_dieu_hanh\":\"Android 10 ho\\u1eb7c 11, ColorOS\\/Funtouch OS\\/Realme UI\\/MIUI\",\"camera_sau\":\"Ch\\u00ednh 48 MP ho\\u1eb7c 64 MP & Ph\\u1ee5 8 MP, 2 MP, 2 MP\",\"camera_truoc\":\"16 MP ho\\u1eb7c 32 MP\",\"chip\":\"Snapdragon 720G \\/ Helio G90T \\/ Dimensity series\",\"ram\":\"4 GB \\u0111\\u1ebfn 8 GB\",\"dung_luong_luu_tru\":\"Reno3\",\"sim\":\"2 Nano SIM, H\\u1ed7 tr\\u1ee3 4G\\/5G t\\u00f9y model\",\"pin_sac\":\"4000 mAh \\u0111\\u1ebfn 5000 mAh, S\\u1ea1c nhanh 30 W \\u0111\\u1ebfn 65 W\"}', 100, 6990000, 0, NULL, 0, 1, 0, 0, 0, '2025-12-09 19:39:38', '2025-12-09 19:42:58'),
(56, 1, 15, 'dien-thoai/oppo-reno3-pro-den-new-600x600-400x400.jpg', 'OPPO Reno3 Pro', 'oppo-reno3-pro', '\"OPPO Reno3 Pro camera 64MP zoom 20x, màn hình 90Hz, sạc VOOC 4.0 30W.\"', '{\"man_hinh\":\"AMOLED ho\\u1eb7c IPS LCD, 6.4\\\" \\u0111\\u1ebfn 6.5\\\", Full HD+\",\"he_dieu_hanh\":\"Android 10 ho\\u1eb7c 11, ColorOS\\/Funtouch OS\\/Realme UI\\/MIUI\",\"camera_sau\":\"Ch\\u00ednh 48 MP ho\\u1eb7c 64 MP & Ph\\u1ee5 8 MP, 2 MP, 2 MP\",\"camera_truoc\":\"16 MP ho\\u1eb7c 32 MP\",\"chip\":\"Snapdragon 720G \\/ Helio G90T \\/ Dimensity series\",\"ram\":\"4 GB \\u0111\\u1ebfn 8 GB\",\"dung_luong_luu_tru\":\"Pro\",\"sim\":\"2 Nano SIM, H\\u1ed7 tr\\u1ee3 4G\\/5G t\\u00f9y model\",\"pin_sac\":\"4000 mAh \\u0111\\u1ebfn 5000 mAh, S\\u1ea1c nhanh 30 W \\u0111\\u1ebfn 65 W\"}', 100, 8990000, 0, NULL, 0, 1, 0, 0, 0, '2025-12-09 19:39:38', '2025-12-09 19:42:58'),
(57, 1, 15, 'dien-thoai/oppo-reno4-260720-040737-400x460.png', 'OPPO Reno4', 'oppo-reno4', '\"OPPO Reno4 thiết kế mỏng nhẹ, camera 48MP, sạc nhanh 30W, màu Galaxy.\"', '{\"man_hinh\":\"AMOLED ho\\u1eb7c IPS LCD, 6.4\\\" \\u0111\\u1ebfn 6.5\\\", Full HD+\",\"he_dieu_hanh\":\"Android 10 ho\\u1eb7c 11, ColorOS\\/Funtouch OS\\/Realme UI\\/MIUI\",\"camera_sau\":\"Ch\\u00ednh 48 MP ho\\u1eb7c 64 MP & Ph\\u1ee5 8 MP, 2 MP, 2 MP\",\"camera_truoc\":\"16 MP ho\\u1eb7c 32 MP\",\"chip\":\"Snapdragon 720G \\/ Helio G90T \\/ Dimensity series\",\"ram\":\"4 GB \\u0111\\u1ebfn 8 GB\",\"dung_luong_luu_tru\":\"Reno4\",\"sim\":\"2 Nano SIM, H\\u1ed7 tr\\u1ee3 4G\\/5G t\\u00f9y model\",\"pin_sac\":\"4000 mAh \\u0111\\u1ebfn 5000 mAh, S\\u1ea1c nhanh 30 W \\u0111\\u1ebfn 65 W\"}', 100, 8490000, 0, NULL, 0, 1, 0, 0, 0, '2025-12-09 19:39:38', '2025-12-09 19:42:58'),
(58, 1, 15, 'dien-thoai/oppo-reno4-pro-274720-034747-400x400.jpg', 'OPPO Reno4 Pro', 'oppo-reno4-pro', '\"OPPO Reno4 Pro màn hình cong 90Hz, sạc siêu nhanh 65W, camera laser focus.\"', '{\"man_hinh\":\"AMOLED ho\\u1eb7c IPS LCD, 6.4\\\" \\u0111\\u1ebfn 6.5\\\", Full HD+\",\"he_dieu_hanh\":\"Android 10 ho\\u1eb7c 11, ColorOS\\/Funtouch OS\\/Realme UI\\/MIUI\",\"camera_sau\":\"Ch\\u00ednh 48 MP ho\\u1eb7c 64 MP & Ph\\u1ee5 8 MP, 2 MP, 2 MP\",\"camera_truoc\":\"16 MP ho\\u1eb7c 32 MP\",\"chip\":\"Snapdragon 720G \\/ Helio G90T \\/ Dimensity series\",\"ram\":\"4 GB \\u0111\\u1ebfn 8 GB\",\"dung_luong_luu_tru\":\"Pro\",\"sim\":\"2 Nano SIM, H\\u1ed7 tr\\u1ee3 4G\\/5G t\\u00f9y model\",\"pin_sac\":\"4000 mAh \\u0111\\u1ebfn 5000 mAh, S\\u1ea1c nhanh 30 W \\u0111\\u1ebfn 65 W\"}', 100, 11990000, 0, NULL, 0, 1, 0, 0, 0, '2025-12-09 19:39:38', '2025-12-09 19:42:58'),
(59, 1, 16, 'dien-thoai/realme-5i-4gb-green-amee-thumb-400x400.jpg', 'Realme 5i (4GB/64GB)', 'realme-5i-4gb', '\"Realme 5i pin 5000mAh, camera tứ 12MP, màn hình 6.5 inch giọt nước.\"', '{\"man_hinh\":\"AMOLED ho\\u1eb7c IPS LCD, 6.4\\\" \\u0111\\u1ebfn 6.5\\\", Full HD+\",\"he_dieu_hanh\":\"Android 10 ho\\u1eb7c 11, ColorOS\\/Funtouch OS\\/Realme UI\\/MIUI\",\"camera_sau\":\"Ch\\u00ednh 48 MP ho\\u1eb7c 64 MP & Ph\\u1ee5 8 MP, 2 MP, 2 MP\",\"camera_truoc\":\"16 MP ho\\u1eb7c 32 MP\",\"chip\":\"Snapdragon 720G \\/ Helio G90T \\/ Dimensity series\",\"ram\":\"4 GB \\u0111\\u1ebfn 8 GB\",\"dung_luong_luu_tru\":\"(4GB\\/64GB)\",\"sim\":\"2 Nano SIM, H\\u1ed7 tr\\u1ee3 4G\\/5G t\\u00f9y model\",\"pin_sac\":\"4000 mAh \\u0111\\u1ebfn 5000 mAh, S\\u1ea1c nhanh 30 W \\u0111\\u1ebfn 65 W\"}', 100, 3690000, 0, NULL, 0, 1, 0, 0, 0, '2025-12-09 19:39:38', '2025-12-09 19:42:58'),
(60, 1, 16, 'dien-thoai/realme-6-xanh-new-600x600-400x400.jpg', 'Realme 6 (4GB/128GB)', 'realme-6', '\"Realme 6 màn hình 90Hz, sạc nhanh 30W, camera 64MP, màu xanh comet.\"', '{\"man_hinh\":\"AMOLED ho\\u1eb7c IPS LCD, 6.4\\\" \\u0111\\u1ebfn 6.5\\\", Full HD+\",\"he_dieu_hanh\":\"Android 10 ho\\u1eb7c 11, ColorOS\\/Funtouch OS\\/Realme UI\\/MIUI\",\"camera_sau\":\"Ch\\u00ednh 48 MP ho\\u1eb7c 64 MP & Ph\\u1ee5 8 MP, 2 MP, 2 MP\",\"camera_truoc\":\"16 MP ho\\u1eb7c 32 MP\",\"chip\":\"Snapdragon 720G \\/ Helio G90T \\/ Dimensity series\",\"ram\":\"4 GB \\u0111\\u1ebfn 8 GB\",\"dung_luong_luu_tru\":\"(4GB\\/128GB)\",\"sim\":\"2 Nano SIM, H\\u1ed7 tr\\u1ee3 4G\\/5G t\\u00f9y model\",\"pin_sac\":\"4000 mAh \\u0111\\u1ebfn 5000 mAh, S\\u1ea1c nhanh 30 W \\u0111\\u1ebfn 65 W\"}', 100, 5690000, 0, NULL, 0, 1, 0, 0, 0, '2025-12-09 19:39:38', '2025-12-09 19:42:58'),
(61, 1, 16, 'dien-thoai/realme-6-pro-do-new-600x600-400x400.jpg', 'Realme 6 Pro', 'realme-6-pro', '\"Realme 6 Pro camera 64MP zoom 20x, màn hình 90Hz, Snapdragon 720G.\"', '{\"man_hinh\":\"AMOLED ho\\u1eb7c IPS LCD, 6.4\\\" \\u0111\\u1ebfn 6.5\\\", Full HD+\",\"he_dieu_hanh\":\"Android 10 ho\\u1eb7c 11, ColorOS\\/Funtouch OS\\/Realme UI\\/MIUI\",\"camera_sau\":\"Ch\\u00ednh 48 MP ho\\u1eb7c 64 MP & Ph\\u1ee5 8 MP, 2 MP, 2 MP\",\"camera_truoc\":\"16 MP ho\\u1eb7c 32 MP\",\"chip\":\"Snapdragon 720G \\/ Helio G90T \\/ Dimensity series\",\"ram\":\"4 GB \\u0111\\u1ebfn 8 GB\",\"dung_luong_luu_tru\":\"Pro\",\"sim\":\"2 Nano SIM, H\\u1ed7 tr\\u1ee3 4G\\/5G t\\u00f9y model\",\"pin_sac\":\"4000 mAh \\u0111\\u1ebfn 5000 mAh, S\\u1ea1c nhanh 30 W \\u0111\\u1ebfn 65 W\"}', 100, 7990000, 0, NULL, 0, 1, 0, 0, 0, '2025-12-09 19:39:38', '2025-12-09 19:42:58'),
(62, 1, 16, 'dien-thoai/realme-6i-xanh-duong-new-600x600-400x400.jpg', 'Realme 6i', 'realme-6i', '\"Realme 6i pin 5000mAh, sạc ngược, camera 48MP, màu xanh lá.\"', '{\"man_hinh\":\"AMOLED ho\\u1eb7c IPS LCD, 6.4\\\" \\u0111\\u1ebfn 6.5\\\", Full HD+\",\"he_dieu_hanh\":\"Android 10 ho\\u1eb7c 11, ColorOS\\/Funtouch OS\\/Realme UI\\/MIUI\",\"camera_sau\":\"Ch\\u00ednh 48 MP ho\\u1eb7c 64 MP & Ph\\u1ee5 8 MP, 2 MP, 2 MP\",\"camera_truoc\":\"16 MP ho\\u1eb7c 32 MP\",\"chip\":\"Snapdragon 720G \\/ Helio G90T \\/ Dimensity series\",\"ram\":\"4 GB \\u0111\\u1ebfn 8 GB\",\"dung_luong_luu_tru\":\"6i\",\"sim\":\"2 Nano SIM, H\\u1ed7 tr\\u1ee3 4G\\/5G t\\u00f9y model\",\"pin_sac\":\"4000 mAh \\u0111\\u1ebfn 5000 mAh, S\\u1ea1c nhanh 30 W \\u0111\\u1ebfn 65 W\"}', 100, 4990000, 0, NULL, 0, 1, 0, 0, 0, '2025-12-09 19:39:38', '2025-12-09 19:42:58'),
(64, 1, 16, 'dien-thoai/realme-7-043120-113116-400x400.jpg', 'Realme 7', 'realme-7', '\"Realme 7 màn hình 90Hz, sạc nhanh 30W, camera 64MP Sony IMX682.\"', '{\"man_hinh\":\"AMOLED ho\\u1eb7c IPS LCD, 6.4\\\" \\u0111\\u1ebfn 6.5\\\", Full HD+\",\"he_dieu_hanh\":\"Android 10 ho\\u1eb7c 11, ColorOS\\/Funtouch OS\\/Realme UI\\/MIUI\",\"camera_sau\":\"Ch\\u00ednh 48 MP ho\\u1eb7c 64 MP & Ph\\u1ee5 8 MP, 2 MP, 2 MP\",\"camera_truoc\":\"16 MP ho\\u1eb7c 32 MP\",\"chip\":\"Snapdragon 720G \\/ Helio G90T \\/ Dimensity series\",\"ram\":\"4 GB \\u0111\\u1ebfn 8 GB\",\"dung_luong_luu_tru\":\"7\",\"sim\":\"2 Nano SIM, H\\u1ed7 tr\\u1ee3 4G\\/5G t\\u00f9y model\",\"pin_sac\":\"4000 mAh \\u0111\\u1ebfn 5000 mAh, S\\u1ea1c nhanh 30 W \\u0111\\u1ebfn 65 W\"}', 100, 6990000, 0, NULL, 0, 1, 0, 0, 0, '2025-12-09 19:39:38', '2025-12-09 19:42:58'),
(65, 1, 16, 'dien-thoai/realme-7-pro-043220-013244-400x400.jpg', 'Realme 7 Pro', 'realme-7-pro', '\"Realme 7 Pro sạc siêu nhanh 65W, màn hình Super AMOLED, camera 64MP.\"', '{\"man_hinh\":\"AMOLED ho\\u1eb7c IPS LCD, 6.4\\\" \\u0111\\u1ebfn 6.5\\\", Full HD+\",\"he_dieu_hanh\":\"Android 10 ho\\u1eb7c 11, ColorOS\\/Funtouch OS\\/Realme UI\\/MIUI\",\"camera_sau\":\"Ch\\u00ednh 48 MP ho\\u1eb7c 64 MP & Ph\\u1ee5 8 MP, 2 MP, 2 MP\",\"camera_truoc\":\"16 MP ho\\u1eb7c 32 MP\",\"chip\":\"Snapdragon 720G \\/ Helio G90T \\/ Dimensity series\",\"ram\":\"4 GB \\u0111\\u1ebfn 8 GB\",\"dung_luong_luu_tru\":\"Pro\",\"sim\":\"2 Nano SIM, H\\u1ed7 tr\\u1ee3 4G\\/5G t\\u00f9y model\",\"pin_sac\":\"4000 mAh \\u0111\\u1ebfn 5000 mAh, S\\u1ea1c nhanh 30 W \\u0111\\u1ebfn 65 W\"}', 100, 8990000, 0, NULL, 0, 1, 0, 0, 0, '2025-12-09 19:39:38', '2025-12-09 19:42:58'),
(66, 1, 16, 'dien-thoai/realme-7i.jpg', 'Realme 7i', 'realme-7i', '\"Realme 7i pin 5000mAh, camera 64MP, màn hình 90Hz, giá tầm trung.\"', '{\"man_hinh\":\"AMOLED ho\\u1eb7c IPS LCD, 6.4\\\" \\u0111\\u1ebfn 6.5\\\", Full HD+\",\"he_dieu_hanh\":\"Android 10 ho\\u1eb7c 11, ColorOS\\/Funtouch OS\\/Realme UI\\/MIUI\",\"camera_sau\":\"Ch\\u00ednh 48 MP ho\\u1eb7c 64 MP & Ph\\u1ee5 8 MP, 2 MP, 2 MP\",\"camera_truoc\":\"16 MP ho\\u1eb7c 32 MP\",\"chip\":\"Snapdragon 720G \\/ Helio G90T \\/ Dimensity series\",\"ram\":\"4 GB \\u0111\\u1ebfn 8 GB\",\"dung_luong_luu_tru\":\"7i\",\"sim\":\"2 Nano SIM, H\\u1ed7 tr\\u1ee3 4G\\/5G t\\u00f9y model\",\"pin_sac\":\"4000 mAh \\u0111\\u1ebfn 5000 mAh, S\\u1ea1c nhanh 30 W \\u0111\\u1ebfn 65 W\"}', 100, 6290000, 0, NULL, 0, 1, 0, 0, 0, '2025-12-09 19:39:38', '2025-12-09 19:42:58'),
(67, 1, 16, 'dien-thoai/realme-c11-090620-110624-400x400.jpg', 'Realme C11', 'realme-c11', '\"Realme C11 pin 5000mAh, màn hình 6.5 inch, camera kép, giá siêu rẻ.\"', '{\"man_hinh\":\"AMOLED ho\\u1eb7c IPS LCD, 6.4\\\" \\u0111\\u1ebfn 6.5\\\", Full HD+\",\"he_dieu_hanh\":\"Android 10 ho\\u1eb7c 11, ColorOS\\/Funtouch OS\\/Realme UI\\/MIUI\",\"camera_sau\":\"Ch\\u00ednh 48 MP ho\\u1eb7c 64 MP & Ph\\u1ee5 8 MP, 2 MP, 2 MP\",\"camera_truoc\":\"16 MP ho\\u1eb7c 32 MP\",\"chip\":\"Snapdragon 720G \\/ Helio G90T \\/ Dimensity series\",\"ram\":\"4 GB \\u0111\\u1ebfn 8 GB\",\"dung_luong_luu_tru\":\"C11\",\"sim\":\"2 Nano SIM, H\\u1ed7 tr\\u1ee3 4G\\/5G t\\u00f9y model\",\"pin_sac\":\"4000 mAh \\u0111\\u1ebfn 5000 mAh, S\\u1ea1c nhanh 30 W \\u0111\\u1ebfn 65 W\"}', 100, 2690000, 0, NULL, 0, 1, 0, 0, 0, '2025-12-09 19:39:38', '2025-12-09 19:42:58');
INSERT INTO `sanpham` (`id`, `loaisanpham_id`, `hangsanxuat_id`, `hinhanh`, `tensanpham`, `tensanpham_slug`, `mota`, `thongso`, `soluong`, `gia`, `khuyenmai`, `gia_khuyenmai`, `daban`, `trangthai`, `luotxem`, `noibat`, `sl_dat_truoc`, `created_at`, `updated_at`) VALUES
(68, 1, 16, 'dien-thoai/realme-c12-red-fix-2-600x600-400x400.jpg', 'Realme C12', 'realme-c12', '\"Realme C12 pin khủng 6000mAh, camera 13MP, 3 camera sau, màu đỏ nổi bật.\"', '{\"man_hinh\":\"AMOLED ho\\u1eb7c IPS LCD, 6.4\\\" \\u0111\\u1ebfn 6.5\\\", Full HD+\",\"he_dieu_hanh\":\"Android 10 ho\\u1eb7c 11, ColorOS\\/Funtouch OS\\/Realme UI\\/MIUI\",\"camera_sau\":\"Ch\\u00ednh 48 MP ho\\u1eb7c 64 MP & Ph\\u1ee5 8 MP, 2 MP, 2 MP\",\"camera_truoc\":\"16 MP ho\\u1eb7c 32 MP\",\"chip\":\"Snapdragon 720G \\/ Helio G90T \\/ Dimensity series\",\"ram\":\"4 GB \\u0111\\u1ebfn 8 GB\",\"dung_luong_luu_tru\":\"C12\",\"sim\":\"2 Nano SIM, H\\u1ed7 tr\\u1ee3 4G\\/5G t\\u00f9y model\",\"pin_sac\":\"4000 mAh \\u0111\\u1ebfn 5000 mAh, S\\u1ea1c nhanh 30 W \\u0111\\u1ebfn 65 W\"}', 100, 3490000, 0, NULL, 0, 1, 0, 0, 0, '2025-12-09 19:39:38', '2025-12-09 19:42:58'),
(69, 1, 16, 'dien-thoai/realme-c15-600-400x400.jpg', 'Realme C15', 'realme-c15', '\"Realme C15 pin 6000mAh, sạc nhanh 18W, camera 13MP, chống nước nhẹ.\"', '{\"man_hinh\":\"AMOLED ho\\u1eb7c IPS LCD, 6.4\\\" \\u0111\\u1ebfn 6.5\\\", Full HD+\",\"he_dieu_hanh\":\"Android 10 ho\\u1eb7c 11, ColorOS\\/Funtouch OS\\/Realme UI\\/MIUI\",\"camera_sau\":\"Ch\\u00ednh 48 MP ho\\u1eb7c 64 MP & Ph\\u1ee5 8 MP, 2 MP, 2 MP\",\"camera_truoc\":\"16 MP ho\\u1eb7c 32 MP\",\"chip\":\"Snapdragon 720G \\/ Helio G90T \\/ Dimensity series\",\"ram\":\"4 GB \\u0111\\u1ebfn 8 GB\",\"dung_luong_luu_tru\":\"C15\",\"sim\":\"2 Nano SIM, H\\u1ed7 tr\\u1ee3 4G\\/5G t\\u00f9y model\",\"pin_sac\":\"4000 mAh \\u0111\\u1ebfn 5000 mAh, S\\u1ea1c nhanh 30 W \\u0111\\u1ebfn 65 W\"}', 100, 4190000, 0, NULL, 0, 1, 0, 0, 0, '2025-12-09 19:39:38', '2025-12-09 19:42:58'),
(70, 1, 16, 'dien-thoai/realme-c3-do-600x600-400x400.jpg', 'Realme C3 (3GB/32GB)', 'realme-c3', '\"Realme C3 3GB/32GB, chip Helio G70 chơi game tốt, pin 5000mAh, màu đỏ.\"', '{\"man_hinh\":\"AMOLED ho\\u1eb7c IPS LCD, 6.4\\\" \\u0111\\u1ebfn 6.5\\\", Full HD+\",\"he_dieu_hanh\":\"Android 10 ho\\u1eb7c 11, ColorOS\\/Funtouch OS\\/Realme UI\\/MIUI\",\"camera_sau\":\"Ch\\u00ednh 48 MP ho\\u1eb7c 64 MP & Ph\\u1ee5 8 MP, 2 MP, 2 MP\",\"camera_truoc\":\"16 MP ho\\u1eb7c 32 MP\",\"chip\":\"Snapdragon 720G \\/ Helio G90T \\/ Dimensity series\",\"ram\":\"4 GB \\u0111\\u1ebfn 8 GB\",\"dung_luong_luu_tru\":\"(3GB\\/32GB)\",\"sim\":\"2 Nano SIM, H\\u1ed7 tr\\u1ee3 4G\\/5G t\\u00f9y model\",\"pin_sac\":\"4000 mAh \\u0111\\u1ebfn 5000 mAh, S\\u1ea1c nhanh 30 W \\u0111\\u1ebfn 65 W\"}', 100, 2990000, 0, NULL, 0, 1, 0, 0, 0, '2025-12-09 19:39:38', '2025-12-09 19:42:58'),
(71, 1, 16, 'dien-thoai/realme-c3-64gb-263620-023637-400x400.jpg', 'Realme C3 (3GB/64GB)', 'realme-c3-64gb', '\"Realme C3 3GB/64GB bộ nhớ lớn hơn, camera 12MP, chơi game mượt.\"', '{\"man_hinh\":\"AMOLED ho\\u1eb7c IPS LCD, 6.4\\\" \\u0111\\u1ebfn 6.5\\\", Full HD+\",\"he_dieu_hanh\":\"Android 10 ho\\u1eb7c 11, ColorOS\\/Funtouch OS\\/Realme UI\\/MIUI\",\"camera_sau\":\"Ch\\u00ednh 48 MP ho\\u1eb7c 64 MP & Ph\\u1ee5 8 MP, 2 MP, 2 MP\",\"camera_truoc\":\"16 MP ho\\u1eb7c 32 MP\",\"chip\":\"Snapdragon 720G \\/ Helio G90T \\/ Dimensity series\",\"ram\":\"4 GB \\u0111\\u1ebfn 8 GB\",\"dung_luong_luu_tru\":\"(3GB\\/64GB)\",\"sim\":\"2 Nano SIM, H\\u1ed7 tr\\u1ee3 4G\\/5G t\\u00f9y model\",\"pin_sac\":\"4000 mAh \\u0111\\u1ebfn 5000 mAh, S\\u1ea1c nhanh 30 W \\u0111\\u1ebfn 65 W\"}', 100, 3590000, 0, NULL, 0, 1, 0, 0, 0, '2025-12-09 19:39:38', '2025-12-09 19:42:58'),
(72, 1, 17, 'dien-thoai/samsung-galaxy-a01-do-new-600x600-400x400.jpg', 'Samsung Galaxy A01', 'samsung-galaxy-a01', '\"Samsung A01 màn hình 5.7 inch, pin 3000mAh, camera kép, giá rẻ nhất dòng A.\"', '{\"man_hinh\":\"Super AMOLED, 6.4\\\" \\u0111\\u1ebfn 6.7\\\", Full HD+\",\"he_dieu_hanh\":\"Android 10 ho\\u1eb7c 11, One UI\",\"camera_sau\":\"Ch\\u00ednh 48 MP & Ph\\u1ee5 8 MP, 5 MP, 5 MP (si\\u00eau r\\u1ed9ng, macro, chi\\u1ec1u s\\u00e2u)\",\"camera_truoc\":\"32 MP\",\"chip\":\"Exynos 9611 ho\\u1eb7c Snapdragon 720G\",\"ram\":\"6 GB \\u0111\\u1ebfn 8 GB\",\"dung_luong_luu_tru\":\"A01\",\"sim\":\"2 Nano SIM\",\"pin_sac\":\"5000 mAh \\u0111\\u1ebfn 7000 mAh, S\\u1ea1c nhanh 15 W \\u0111\\u1ebfn 25 W\"}', 100, 2790000, 0, NULL, 0, 1, 0, 0, 0, '2025-12-09 19:39:38', '2025-12-09 19:42:58'),
(73, 1, 17, 'dien-thoai/samsung-galaxy-a10s-xanh-600x600-400x400.jpg', 'Samsung Galaxy A10s', 'samsung-galaxy-a10s', '\"Samsung A10s pin 4000mAh, camera kép 13MP, cảm biến vân tay, màu xanh.\"', '{\"man_hinh\":\"Super AMOLED, 6.4\\\" \\u0111\\u1ebfn 6.7\\\", Full HD+\",\"he_dieu_hanh\":\"Android 10 ho\\u1eb7c 11, One UI\",\"camera_sau\":\"Ch\\u00ednh 48 MP & Ph\\u1ee5 8 MP, 5 MP, 5 MP (si\\u00eau r\\u1ed9ng, macro, chi\\u1ec1u s\\u00e2u)\",\"camera_truoc\":\"32 MP\",\"chip\":\"Exynos 9611 ho\\u1eb7c Snapdragon 720G\",\"ram\":\"6 GB \\u0111\\u1ebfn 8 GB\",\"dung_luong_luu_tru\":\"A10s\",\"sim\":\"2 Nano SIM\",\"pin_sac\":\"5000 mAh \\u0111\\u1ebfn 7000 mAh, S\\u1ea1c nhanh 15 W \\u0111\\u1ebfn 25 W\"}', 100, 3690000, 0, NULL, 0, 1, 0, 0, 0, '2025-12-09 19:39:38', '2025-12-09 19:42:58'),
(74, 1, 17, 'dien-thoai/samsung-galaxy-a11-xanh-new-600x600-400x400.jpg', 'Samsung Galaxy A11', 'samsung-galaxy-a11', '\"Samsung A11 màn hình 6.4 inch, camera 3 ống kính, pin 4000mAh, màu xanh.\"', '{\"man_hinh\":\"Super AMOLED, 6.4\\\" \\u0111\\u1ebfn 6.7\\\", Full HD+\",\"he_dieu_hanh\":\"Android 10 ho\\u1eb7c 11, One UI\",\"camera_sau\":\"Ch\\u00ednh 48 MP & Ph\\u1ee5 8 MP, 5 MP, 5 MP (si\\u00eau r\\u1ed9ng, macro, chi\\u1ec1u s\\u00e2u)\",\"camera_truoc\":\"32 MP\",\"chip\":\"Exynos 9611 ho\\u1eb7c Snapdragon 720G\",\"ram\":\"6 GB \\u0111\\u1ebfn 8 GB\",\"dung_luong_luu_tru\":\"A11\",\"sim\":\"2 Nano SIM\",\"pin_sac\":\"5000 mAh \\u0111\\u1ebfn 7000 mAh, S\\u1ea1c nhanh 15 W \\u0111\\u1ebfn 25 W\"}', 100, 3590000, 0, NULL, 0, 1, 0, 0, 0, '2025-12-09 19:39:38', '2025-12-09 19:42:58'),
(75, 1, 17, 'dien-thoai/samsung-galaxy-a20s-32gb-192720-022739-400x400.jpg', 'Samsung Galaxy A20s 32GB', 'samsung-galaxy-a20s-32gb', '\"Samsung A20s 32GB camera 13MP+8MP+5MP, màn hình 6.5 inch, pin 4000mAh.\"', '{\"man_hinh\":\"Super AMOLED, 6.4\\\" \\u0111\\u1ebfn 6.7\\\", Full HD+\",\"he_dieu_hanh\":\"Android 10 ho\\u1eb7c 11, One UI\",\"camera_sau\":\"Ch\\u00ednh 48 MP & Ph\\u1ee5 8 MP, 5 MP, 5 MP (si\\u00eau r\\u1ed9ng, macro, chi\\u1ec1u s\\u00e2u)\",\"camera_truoc\":\"32 MP\",\"chip\":\"Exynos 9611 ho\\u1eb7c Snapdragon 720G\",\"ram\":\"6 GB \\u0111\\u1ebfn 8 GB\",\"dung_luong_luu_tru\":\"32GB\",\"sim\":\"2 Nano SIM\",\"pin_sac\":\"5000 mAh \\u0111\\u1ebfn 7000 mAh, S\\u1ea1c nhanh 15 W \\u0111\\u1ebfn 25 W\"}', 100, 4390000, 0, NULL, 0, 1, 0, 0, 0, '2025-12-09 19:39:38', '2025-12-09 19:42:58'),
(76, 1, 17, 'dien-thoai/samsung-galaxy-a20s-052920-072944-400x400.jpg', 'Samsung Galaxy A20s 64GB', 'samsung-galaxy-a20s', '\"Samsung A20s 64GB bộ nhớ lớn, sạc nhanh 15W, màu đen mạnh mẽ.\"', '{\"man_hinh\":\"Super AMOLED, 6.4\\\" \\u0111\\u1ebfn 6.7\\\", Full HD+\",\"he_dieu_hanh\":\"Android 10 ho\\u1eb7c 11, One UI\",\"camera_sau\":\"Ch\\u00ednh 48 MP & Ph\\u1ee5 8 MP, 5 MP, 5 MP (si\\u00eau r\\u1ed9ng, macro, chi\\u1ec1u s\\u00e2u)\",\"camera_truoc\":\"32 MP\",\"chip\":\"Exynos 9611 ho\\u1eb7c Snapdragon 720G\",\"ram\":\"6 GB \\u0111\\u1ebfn 8 GB\",\"dung_luong_luu_tru\":\"64GB\",\"sim\":\"2 Nano SIM\",\"pin_sac\":\"5000 mAh \\u0111\\u1ebfn 7000 mAh, S\\u1ea1c nhanh 15 W \\u0111\\u1ebfn 25 W\"}', 100, 5390000, 0, NULL, 0, 1, 0, 0, 0, '2025-12-09 19:39:38', '2025-12-09 19:42:58'),
(77, 1, 17, 'dien-thoai/samsung-galaxy-a21s-3gb-055520-045548-400x400.jpg', 'Samsung Galaxy A21s (3GB/32GB)', 'samsung-galaxy-a21s-3gb', '\"Samsung A21s 3GB/32GB camera 48MP, pin 5000mAh, màn hình 6.5 inch.\"', '{\"man_hinh\":\"Super AMOLED, 6.4\\\" \\u0111\\u1ebfn 6.7\\\", Full HD+\",\"he_dieu_hanh\":\"Android 10 ho\\u1eb7c 11, One UI\",\"camera_sau\":\"Ch\\u00ednh 48 MP & Ph\\u1ee5 8 MP, 5 MP, 5 MP (si\\u00eau r\\u1ed9ng, macro, chi\\u1ec1u s\\u00e2u)\",\"camera_truoc\":\"32 MP\",\"chip\":\"Exynos 9611 ho\\u1eb7c Snapdragon 720G\",\"ram\":\"6 GB \\u0111\\u1ebfn 8 GB\",\"dung_luong_luu_tru\":\"(3GB\\/32GB)\",\"sim\":\"2 Nano SIM\",\"pin_sac\":\"5000 mAh \\u0111\\u1ebfn 7000 mAh, S\\u1ea1c nhanh 15 W \\u0111\\u1ebfn 25 W\"}', 100, 4690000, 0, NULL, 0, 1, 0, 0, 0, '2025-12-09 19:39:38', '2025-12-09 19:42:58'),
(78, 1, 17, 'dien-thoai/samsung-galaxy-a21s-055620-045659-400x400.jpg', 'Samsung Galaxy A21s (6GB/64GB)', 'samsung-galaxy-a21s', '\"Samsung A21s 6GB/64GB đa nhiệm tốt, camera macro, màu xanh.\"', '{\"man_hinh\":\"Super AMOLED, 6.4\\\" \\u0111\\u1ebfn 6.7\\\", Full HD+\",\"he_dieu_hanh\":\"Android 10 ho\\u1eb7c 11, One UI\",\"camera_sau\":\"Ch\\u00ednh 48 MP & Ph\\u1ee5 8 MP, 5 MP, 5 MP (si\\u00eau r\\u1ed9ng, macro, chi\\u1ec1u s\\u00e2u)\",\"camera_truoc\":\"32 MP\",\"chip\":\"Exynos 9611 ho\\u1eb7c Snapdragon 720G\",\"ram\":\"6 GB \\u0111\\u1ebfn 8 GB\",\"dung_luong_luu_tru\":\"(6GB\\/64GB)\",\"sim\":\"2 Nano SIM\",\"pin_sac\":\"5000 mAh \\u0111\\u1ebfn 7000 mAh, S\\u1ea1c nhanh 15 W \\u0111\\u1ebfn 25 W\"}', 100, 5290000, 0, NULL, 0, 1, 0, 0, 0, '2025-12-09 19:39:38', '2025-12-09 19:42:58'),
(79, 1, 17, 'dien-thoai/samsung-galaxy-a30s-053220-073204-400x460.png', 'Samsung Galaxy A30s', 'samsung-galaxy-a30s', '\"Samsung A30s màn hình AMOLED 6.4 inch, vân tay dưới màn hình, pin 4000mAh.\"', '{\"man_hinh\":\"Super AMOLED, 6.4\\\" \\u0111\\u1ebfn 6.7\\\", Full HD+\",\"he_dieu_hanh\":\"Android 10 ho\\u1eb7c 11, One UI\",\"camera_sau\":\"Ch\\u00ednh 48 MP & Ph\\u1ee5 8 MP, 5 MP, 5 MP (si\\u00eau r\\u1ed9ng, macro, chi\\u1ec1u s\\u00e2u)\",\"camera_truoc\":\"32 MP\",\"chip\":\"Exynos 9611 ho\\u1eb7c Snapdragon 720G\",\"ram\":\"6 GB \\u0111\\u1ebfn 8 GB\",\"dung_luong_luu_tru\":\"A30s\",\"sim\":\"2 Nano SIM\",\"pin_sac\":\"5000 mAh \\u0111\\u1ebfn 7000 mAh, S\\u1ea1c nhanh 15 W \\u0111\\u1ebfn 25 W\"}', 100, 6290000, 0, NULL, 0, 1, 0, 0, 0, '2025-12-09 19:39:38', '2025-12-09 19:42:58'),
(80, 1, 17, 'dien-thoai/samsung-galaxy-a31-trang-new-600x600-400x400.jpg', 'Samsung Galaxy A31', 'samsung-galaxy-a31', '\"Samsung A31 camera 48MP, màn hình AMOLED, pin 5000mAh, màu trắng.\"', '{\"man_hinh\":\"Super AMOLED, 6.4\\\" \\u0111\\u1ebfn 6.7\\\", Full HD+\",\"he_dieu_hanh\":\"Android 10 ho\\u1eb7c 11, One UI\",\"camera_sau\":\"Ch\\u00ednh 48 MP & Ph\\u1ee5 8 MP, 5 MP, 5 MP (si\\u00eau r\\u1ed9ng, macro, chi\\u1ec1u s\\u00e2u)\",\"camera_truoc\":\"32 MP\",\"chip\":\"Exynos 9611 ho\\u1eb7c Snapdragon 720G\",\"ram\":\"6 GB \\u0111\\u1ebfn 8 GB\",\"dung_luong_luu_tru\":\"A31\",\"sim\":\"2 Nano SIM\",\"pin_sac\":\"5000 mAh \\u0111\\u1ebfn 7000 mAh, S\\u1ea1c nhanh 15 W \\u0111\\u1ebfn 25 W\"}', 100, 6490000, 0, NULL, 0, 1, 0, 0, 0, '2025-12-09 19:39:38', '2025-12-09 19:42:58'),
(81, 1, 17, 'dien-thoai/samsung-galaxy-a50s-050020-050032-400x400.jpg', 'Samsung Galaxy A50s', 'samsung-galaxy-a50s', '\"Samsung A50s camera 48MP, màn hình 6.4 inch Super AMOLED, sạc nhanh.\"', '{\"man_hinh\":\"Super AMOLED, 6.4\\\" \\u0111\\u1ebfn 6.7\\\", Full HD+\",\"he_dieu_hanh\":\"Android 10 ho\\u1eb7c 11, One UI\",\"camera_sau\":\"Ch\\u00ednh 48 MP & Ph\\u1ee5 8 MP, 5 MP, 5 MP (si\\u00eau r\\u1ed9ng, macro, chi\\u1ec1u s\\u00e2u)\",\"camera_truoc\":\"32 MP\",\"chip\":\"Exynos 9611 ho\\u1eb7c Snapdragon 720G\",\"ram\":\"6 GB \\u0111\\u1ebfn 8 GB\",\"dung_luong_luu_tru\":\"A50s\",\"sim\":\"2 Nano SIM\",\"pin_sac\":\"5000 mAh \\u0111\\u1ebfn 7000 mAh, S\\u1ea1c nhanh 15 W \\u0111\\u1ebfn 25 W\"}', 100, 6990000, 0, NULL, 0, 1, 0, 0, 0, '2025-12-09 19:39:38', '2025-12-09 19:42:58'),
(82, 1, 17, 'dien-thoai/samsung-galaxy-a51-600x600-new-400x400.jpg', 'Samsung Galaxy A51 (6GB/128GB)', 'samsung-galaxy-a51', '\"Samsung A51 camera macro, màn hình Infinity-O, pin 4000mAh, màu đen.\"', '{\"man_hinh\":\"Super AMOLED, 6.4\\\" \\u0111\\u1ebfn 6.7\\\", Full HD+\",\"he_dieu_hanh\":\"Android 10 ho\\u1eb7c 11, One UI\",\"camera_sau\":\"Ch\\u00ednh 48 MP & Ph\\u1ee5 8 MP, 5 MP, 5 MP (si\\u00eau r\\u1ed9ng, macro, chi\\u1ec1u s\\u00e2u)\",\"camera_truoc\":\"32 MP\",\"chip\":\"Exynos 9611 ho\\u1eb7c Snapdragon 720G\",\"ram\":\"6 GB \\u0111\\u1ebfn 8 GB\",\"dung_luong_luu_tru\":\"(6GB\\/128GB)\",\"sim\":\"2 Nano SIM\",\"pin_sac\":\"5000 mAh \\u0111\\u1ebfn 7000 mAh, S\\u1ea1c nhanh 15 W \\u0111\\u1ebfn 25 W\"}', 100, 7490000, 0, NULL, 0, 1, 0, 0, 0, '2025-12-09 19:39:38', '2025-12-09 19:42:58'),
(83, 1, 17, 'dien-thoai/samsung-galaxy-a51-8gb-blue-600x600-400x400.jpg', 'Samsung Galaxy A51 (8GB/128GB)', 'samsung-galaxy-a51-8gb', '\"Samsung A51 8GB RAM mạnh mẽ, chơi game mượt, màu xanh prism.\"', '{\"man_hinh\":\"Super AMOLED, 6.4\\\" \\u0111\\u1ebfn 6.7\\\", Full HD+\",\"he_dieu_hanh\":\"Android 10 ho\\u1eb7c 11, One UI\",\"camera_sau\":\"Ch\\u00ednh 48 MP & Ph\\u1ee5 8 MP, 5 MP, 5 MP (si\\u00eau r\\u1ed9ng, macro, chi\\u1ec1u s\\u00e2u)\",\"camera_truoc\":\"32 MP\",\"chip\":\"Exynos 9611 ho\\u1eb7c Snapdragon 720G\",\"ram\":\"6 GB \\u0111\\u1ebfn 8 GB\",\"dung_luong_luu_tru\":\"(8GB\\/128GB)\",\"sim\":\"2 Nano SIM\",\"pin_sac\":\"5000 mAh \\u0111\\u1ebfn 7000 mAh, S\\u1ea1c nhanh 15 W \\u0111\\u1ebfn 25 W\"}', 100, 8390000, 0, NULL, 0, 1, 0, 0, 0, '2025-12-09 19:39:38', '2025-12-09 19:42:58'),
(84, 1, 17, 'dien-thoai/samsung-galaxy-a70-053720-073758-400x400.jpg', 'Samsung Galaxy A70', 'samsung-galaxy-a70', '\"Samsung A70 màn hình lớn 6.7 inch, pin 4500mAh, sạc siêu nhanh 25W.\"', '{\"man_hinh\":\"Super AMOLED, 6.4\\\" \\u0111\\u1ebfn 6.7\\\", Full HD+\",\"he_dieu_hanh\":\"Android 10 ho\\u1eb7c 11, One UI\",\"camera_sau\":\"Ch\\u00ednh 48 MP & Ph\\u1ee5 8 MP, 5 MP, 5 MP (si\\u00eau r\\u1ed9ng, macro, chi\\u1ec1u s\\u00e2u)\",\"camera_truoc\":\"32 MP\",\"chip\":\"Exynos 9611 ho\\u1eb7c Snapdragon 720G\",\"ram\":\"6 GB \\u0111\\u1ebfn 8 GB\",\"dung_luong_luu_tru\":\"A70\",\"sim\":\"2 Nano SIM\",\"pin_sac\":\"5000 mAh \\u0111\\u1ebfn 7000 mAh, S\\u1ea1c nhanh 15 W \\u0111\\u1ebfn 25 W\"}', 100, 9290000, 0, NULL, 0, 1, 0, 0, 0, '2025-12-09 19:39:38', '2025-12-09 19:42:58'),
(85, 1, 17, 'dien-thoai/samsung-galaxy-a71-bac-inox-new-600x600-400x400.jpg', 'Samsung Galaxy A71', 'samsung-galaxy-a71', '\"Samsung A71 camera 64MP, màn hình 6.7 inch, pin 4500mAh, màu bạc.\"', '{\"man_hinh\":\"Super AMOLED, 6.4\\\" \\u0111\\u1ebfn 6.7\\\", Full HD+\",\"he_dieu_hanh\":\"Android 10 ho\\u1eb7c 11, One UI\",\"camera_sau\":\"Ch\\u00ednh 48 MP & Ph\\u1ee5 8 MP, 5 MP, 5 MP (si\\u00eau r\\u1ed9ng, macro, chi\\u1ec1u s\\u00e2u)\",\"camera_truoc\":\"32 MP\",\"chip\":\"Exynos 9611 ho\\u1eb7c Snapdragon 720G\",\"ram\":\"6 GB \\u0111\\u1ebfn 8 GB\",\"dung_luong_luu_tru\":\"A71\",\"sim\":\"2 Nano SIM\",\"pin_sac\":\"5000 mAh \\u0111\\u1ebfn 7000 mAh, S\\u1ea1c nhanh 15 W \\u0111\\u1ebfn 25 W\"}', 100, 9490000, 0, NULL, 0, 1, 0, 0, 0, '2025-12-09 19:39:38', '2025-12-09 19:42:58'),
(86, 1, 17, 'dien-thoai/samsung-galaxy-m51-white-600x600-400x400.jpg', 'Samsung Galaxy M51', 'samsung-galaxy-m51', '\"Samsung M51 pin khủng 7000mAh, sạc nhanh 25W, camera 64MP, màu trắng.\"', '{\"man_hinh\":\"Super AMOLED, 6.4\\\" \\u0111\\u1ebfn 6.7\\\", Full HD+\",\"he_dieu_hanh\":\"Android 10 ho\\u1eb7c 11, One UI\",\"camera_sau\":\"Ch\\u00ednh 48 MP & Ph\\u1ee5 8 MP, 5 MP, 5 MP (si\\u00eau r\\u1ed9ng, macro, chi\\u1ec1u s\\u00e2u)\",\"camera_truoc\":\"32 MP\",\"chip\":\"Exynos 9611 ho\\u1eb7c Snapdragon 720G\",\"ram\":\"6 GB \\u0111\\u1ebfn 8 GB\",\"dung_luong_luu_tru\":\"M51\",\"sim\":\"2 Nano SIM\",\"pin_sac\":\"5000 mAh \\u0111\\u1ebfn 7000 mAh, S\\u1ea1c nhanh 15 W \\u0111\\u1ebfn 25 W\"}', 100, 9490000, 0, NULL, 0, 1, 0, 0, 0, '2025-12-09 19:39:38', '2025-12-09 19:42:58'),
(87, 1, 17, 'dien-thoai/samsung-galaxy-note-10-lite-thumb-400x400.jpg', 'Samsung Galaxy Note 10 Lite', 'samsung-galaxy-note-10-lite', '\"Samsung Note 10 Lite bút S Pen, màn hình 6.7 inch, camera 12MP OIS.\"', '[]', 100, 10690000, 0, NULL, 0, 1, 0, 0, 0, '2025-12-09 19:39:38', '2025-12-09 19:42:58'),
(88, 1, 17, 'dien-thoai/samsung-galaxy-note-10-plus-24.jpg', 'Samsung Galaxy Note 10+', 'samsung-galaxy-note-10-plus', '\"Samsung Note 10+ bút S Pen Bluetooth, camera DepthVision, pin 4300mAh.\"', '[]', 100, 16490000, 0, NULL, 0, 1, 0, 0, 0, '2025-12-09 19:39:38', '2025-12-09 19:42:58'),
(89, 1, 17, 'dien-thoai/samsung-galaxy-note-20.jpg', 'Samsung Galaxy Note 20', 'samsung-galaxy-note-20', '\"Samsung Note 20 5G, bút S Pen độ trễ thấp, màn hình 120Hz, màu đồng.\"', '{\"man_hinh\":\"Dynamic AMOLED 2X, 6.7\\\" \\u0111\\u1ebfn 7.6\\\", Quad HD+ (2K+)\",\"he_dieu_hanh\":\"Android 11, One UI 3.1\",\"camera_sau\":\"Ch\\u00ednh 108 MP & Ph\\u1ee5 12 MP, 12 MP (si\\u00eau r\\u1ed9ng, tele)\",\"camera_truoc\":\"10 MP ho\\u1eb7c k\\u00e9p\",\"chip\":\"Exynos 990 ho\\u1eb7c Snapdragon 865+\",\"ram\":\"8 GB \\u0111\\u1ebfn 12 GB\",\"dung_luong_luu_tru\":\"20\",\"sim\":\"2 Nano SIM ho\\u1eb7c 1 Nano + eSIM, H\\u1ed7 tr\\u1ee3 5G\",\"pin_sac\":\"4300 mAh \\u0111\\u1ebfn 4500 mAh, S\\u1ea1c nhanh 25 W, S\\u1ea1c kh\\u00f4ng d\\u00e2y\"}', 100, 19990000, 0, NULL, 0, 1, 0, 0, 0, '2025-12-09 19:39:38', '2025-12-09 19:42:58'),
(90, 1, 17, 'dien-thoai/samsung-galaxy-note-20-ultra-5g-063420-123447-400x400.jpg', 'Samsung Galaxy Note 20 Ultra 5G', 'samsung-galaxy-note-20-ultra-5g', '\"Samsung Note 20 Ultra camera 108MP, zoom 50x, màn hình 120Hz, màu đen.\"', '{\"man_hinh\":\"Dynamic AMOLED 2X, 6.7\\\" \\u0111\\u1ebfn 7.6\\\", Quad HD+ (2K+)\",\"he_dieu_hanh\":\"Android 11, One UI 3.1\",\"camera_sau\":\"Ch\\u00ednh 108 MP & Ph\\u1ee5 12 MP, 12 MP (si\\u00eau r\\u1ed9ng, tele)\",\"camera_truoc\":\"10 MP ho\\u1eb7c k\\u00e9p\",\"chip\":\"Exynos 990 ho\\u1eb7c Snapdragon 865+\",\"ram\":\"8 GB \\u0111\\u1ebfn 12 GB\",\"dung_luong_luu_tru\":\"5G\",\"sim\":\"2 Nano SIM ho\\u1eb7c 1 Nano + eSIM, H\\u1ed7 tr\\u1ee3 5G\",\"pin_sac\":\"4300 mAh \\u0111\\u1ebfn 4500 mAh, S\\u1ea1c nhanh 25 W, S\\u1ea1c kh\\u00f4ng d\\u00e2y\"}', 100, 28990000, 0, NULL, 0, 1, 0, 0, 0, '2025-12-09 19:39:38', '2025-12-09 19:42:58'),
(91, 1, 17, 'dien-thoai/samsung-galaxy-note-20-ultra-5g-trang-600x600-2-400x400.jpg', 'Samsung Galaxy Note 20 Ultra 5G Trắng', 'samsung-galaxy-note-20-ultra-5g-trang', '\"Samsung Note 20 Ultra màu trắng ngọc trai sang trọng, phiên bản 512GB.\"', '{\"man_hinh\":\"Dynamic AMOLED 2X, 6.7\\\" \\u0111\\u1ebfn 7.6\\\", Quad HD+ (2K+)\",\"he_dieu_hanh\":\"Android 11, One UI 3.1\",\"camera_sau\":\"Ch\\u00ednh 108 MP & Ph\\u1ee5 12 MP, 12 MP (si\\u00eau r\\u1ed9ng, tele)\",\"camera_truoc\":\"10 MP ho\\u1eb7c k\\u00e9p\",\"chip\":\"Exynos 990 ho\\u1eb7c Snapdragon 865+\",\"ram\":\"8 GB \\u0111\\u1ebfn 12 GB\",\"dung_luong_luu_tru\":\"Tr\\u1eafng\",\"sim\":\"2 Nano SIM ho\\u1eb7c 1 Nano + eSIM, H\\u1ed7 tr\\u1ee3 5G\",\"pin_sac\":\"4300 mAh \\u0111\\u1ebfn 4500 mAh, S\\u1ea1c nhanh 25 W, S\\u1ea1c kh\\u00f4ng d\\u00e2y\"}', 100, 32990000, 0, NULL, 0, 1, 0, 0, 0, '2025-12-09 19:39:38', '2025-12-09 19:42:58'),
(92, 1, 17, 'dien-thoai/samsung-galaxy-s10-lite-blue-thumb-400x400.jpg', 'Samsung Galaxy S10 Lite', 'samsung-galaxy-s10-lite', '\"Samsung S10 Lite camera 48MP macro, pin 4500mAh, sạc siêu nhanh 45W.\"', '[]', 100, 12990000, 0, NULL, 0, 1, 0, 0, 0, '2025-12-09 19:39:38', '2025-12-09 19:42:58'),
(93, 1, 17, 'dien-thoai/samsung-galaxy-s20-600x600-hong-400x400.jpg', 'Samsung Galaxy S20', 'samsung-galaxy-s20', '\"Samsung S20 5G màn hình 120Hz, camera 64MP zoom 30x, màu hồng.\"', '{\"man_hinh\":\"Dynamic AMOLED 2X, 6.7\\\" \\u0111\\u1ebfn 7.6\\\", Quad HD+ (2K+)\",\"he_dieu_hanh\":\"Android 11, One UI 3.1\",\"camera_sau\":\"Ch\\u00ednh 108 MP & Ph\\u1ee5 12 MP, 12 MP (si\\u00eau r\\u1ed9ng, tele)\",\"camera_truoc\":\"10 MP ho\\u1eb7c k\\u00e9p\",\"chip\":\"Exynos 990 ho\\u1eb7c Snapdragon 865+\",\"ram\":\"8 GB \\u0111\\u1ebfn 12 GB\",\"dung_luong_luu_tru\":\"S20\",\"sim\":\"2 Nano SIM ho\\u1eb7c 1 Nano + eSIM, H\\u1ed7 tr\\u1ee3 5G\",\"pin_sac\":\"4300 mAh \\u0111\\u1ebfn 4500 mAh, S\\u1ea1c nhanh 25 W, S\\u1ea1c kh\\u00f4ng d\\u00e2y\"}', 100, 21490000, 0, NULL, 0, 1, 0, 0, 0, '2025-12-09 19:39:38', '2025-12-09 19:42:58'),
(94, 1, 17, 'dien-thoai/samsung-galaxy-s20-fan-edition-242020-012039-400x400.jpg', 'Samsung Galaxy S20 FE', 'samsung-galaxy-s20-fan-edition', '\"Samsung S20 FE phiên bản dành cho fan, màu đa dạng, màn hình 120Hz.\"', '{\"man_hinh\":\"Dynamic AMOLED 2X, 6.7\\\" \\u0111\\u1ebfn 7.6\\\", Quad HD+ (2K+)\",\"he_dieu_hanh\":\"Android 11, One UI 3.1\",\"camera_sau\":\"Ch\\u00ednh 108 MP & Ph\\u1ee5 12 MP, 12 MP (si\\u00eau r\\u1ed9ng, tele)\",\"camera_truoc\":\"10 MP ho\\u1eb7c k\\u00e9p\",\"chip\":\"Exynos 990 ho\\u1eb7c Snapdragon 865+\",\"ram\":\"8 GB \\u0111\\u1ebfn 12 GB\",\"dung_luong_luu_tru\":\"FE\",\"sim\":\"2 Nano SIM ho\\u1eb7c 1 Nano + eSIM, H\\u1ed7 tr\\u1ee3 5G\",\"pin_sac\":\"4300 mAh \\u0111\\u1ebfn 4500 mAh, S\\u1ea1c nhanh 25 W, S\\u1ea1c kh\\u00f4ng d\\u00e2y\"}', 100, 15990000, 0, NULL, 0, 1, 0, 0, 0, '2025-12-09 19:39:38', '2025-12-09 19:42:58'),
(95, 1, 17, 'dien-thoai/samsung-galaxy-s20-plus-400x460-fix-400x460.png', 'Samsung Galaxy S20+', 'samsung-galaxy-s20-plus', '\"Samsung S20+ camera ToF, pin 4500mAh, màn hình 6.7 inch Dynamic AMOLED.\"', '{\"man_hinh\":\"Dynamic AMOLED 2X, 6.7\\\" \\u0111\\u1ebfn 7.6\\\", Quad HD+ (2K+)\",\"he_dieu_hanh\":\"Android 11, One UI 3.1\",\"camera_sau\":\"Ch\\u00ednh 108 MP & Ph\\u1ee5 12 MP, 12 MP (si\\u00eau r\\u1ed9ng, tele)\",\"camera_truoc\":\"10 MP ho\\u1eb7c k\\u00e9p\",\"chip\":\"Exynos 990 ho\\u1eb7c Snapdragon 865+\",\"ram\":\"8 GB \\u0111\\u1ebfn 12 GB\",\"dung_luong_luu_tru\":\"S20+\",\"sim\":\"2 Nano SIM ho\\u1eb7c 1 Nano + eSIM, H\\u1ed7 tr\\u1ee3 5G\",\"pin_sac\":\"4300 mAh \\u0111\\u1ebfn 4500 mAh, S\\u1ea1c nhanh 25 W, S\\u1ea1c kh\\u00f4ng d\\u00e2y\"}', 100, 23990000, 0, NULL, 0, 1, 0, 0, 0, '2025-12-09 19:39:38', '2025-12-09 19:42:58'),
(96, 1, 17, 'dien-thoai/samsung-galaxy-z-flip-den-600x600-400x400.jpg', 'Samsung Galaxy Z Flip', 'samsung-galaxy-z-flip', '\"Samsung Z Flip gập dọc, màn hình gập kính siêu mỏng, màu đen huyền bí.\"', '{\"man_hinh\":\"Dynamic AMOLED g\\u1eadp, 6.7\\\" ch\\u00ednh + 1.1\\\" ph\\u1ee5\",\"he_dieu_hanh\":\"Android 11, One UI 3.1\",\"camera_sau\":\"Ch\\u00ednh 108 MP & Ph\\u1ee5 12 MP, 12 MP (si\\u00eau r\\u1ed9ng, tele)\",\"camera_truoc\":\"10 MP ho\\u1eb7c k\\u00e9p\",\"chip\":\"Exynos 990 ho\\u1eb7c Snapdragon 865+\",\"ram\":\"8 GB \\u0111\\u1ebfn 12 GB\",\"dung_luong_luu_tru\":\"Flip\",\"sim\":\"2 Nano SIM ho\\u1eb7c 1 Nano + eSIM, H\\u1ed7 tr\\u1ee3 5G\",\"pin_sac\":\"4300 mAh \\u0111\\u1ebfn 4500 mAh, S\\u1ea1c nhanh 25 W, S\\u1ea1c kh\\u00f4ng d\\u00e2y\"}', 100, 36000000, 0, NULL, 0, 1, 0, 0, 0, '2025-12-09 19:39:38', '2025-12-09 19:42:58'),
(97, 1, 17, 'dien-thoai/samsung-galaxy-z-fold-2-061220-021232-400x400.jpg', 'Samsung Galaxy Z Fold2 5G', 'samsung-galaxy-z-fold-2', '\"Samsung Z Fold2 màn hình gập 7.6 inch, đa nhiệm cực mạnh, màu đồng.\"', '{\"man_hinh\":\"Dynamic AMOLED 2X g\\u1eadp, 7.6\\\" ch\\u00ednh + 6.2\\\" ph\\u1ee5\",\"he_dieu_hanh\":\"Android 11, One UI 3.1\",\"camera_sau\":\"Ch\\u00ednh 108 MP & Ph\\u1ee5 12 MP, 12 MP (si\\u00eau r\\u1ed9ng, tele)\",\"camera_truoc\":\"10 MP ho\\u1eb7c k\\u00e9p\",\"chip\":\"Exynos 990 ho\\u1eb7c Snapdragon 865+\",\"ram\":\"8 GB \\u0111\\u1ebfn 12 GB\",\"dung_luong_luu_tru\":\"5G\",\"sim\":\"2 Nano SIM ho\\u1eb7c 1 Nano + eSIM, H\\u1ed7 tr\\u1ee3 5G\",\"pin_sac\":\"4300 mAh \\u0111\\u1ebfn 4500 mAh, S\\u1ea1c nhanh 25 W, S\\u1ea1c kh\\u00f4ng d\\u00e2y\"}', 88, 50000000, 0, NULL, 12, 1, 0, 0, 0, '2025-12-09 19:39:38', '2025-12-11 04:21:29'),
(98, 1, 18, 'dien-thoai/vivo-s1-pro-white-400x400.jpg', 'Vivo S1 Pro', 'vivo-s1-pro', '\"Vivo S1 Pro camera 48MP, thiết kế kim cương, màn hình AMOLED 6.38 inch.\"', '{\"man_hinh\":\"AMOLED ho\\u1eb7c IPS LCD, 6.4\\\" \\u0111\\u1ebfn 6.5\\\", Full HD+\",\"he_dieu_hanh\":\"Android 10 ho\\u1eb7c 11, ColorOS\\/Funtouch OS\\/Realme UI\\/MIUI\",\"camera_sau\":\"Ch\\u00ednh 48 MP ho\\u1eb7c 64 MP & Ph\\u1ee5 8 MP, 2 MP, 2 MP\",\"camera_truoc\":\"16 MP ho\\u1eb7c 32 MP\",\"chip\":\"Snapdragon 720G \\/ Helio G90T \\/ Dimensity series\",\"ram\":\"4 GB \\u0111\\u1ebfn 8 GB\",\"dung_luong_luu_tru\":\"Pro\",\"sim\":\"2 Nano SIM, H\\u1ed7 tr\\u1ee3 4G\\/5G t\\u00f9y model\",\"pin_sac\":\"4000 mAh \\u0111\\u1ebfn 5000 mAh, S\\u1ea1c nhanh 30 W \\u0111\\u1ebfn 65 W\"}', 100, 5490000, 0, NULL, 0, 1, 0, 0, 0, '2025-12-09 19:39:38', '2025-12-09 19:42:58'),
(99, 1, 18, 'dien-thoai/vivo-u10-1-400x400.jpg', 'Vivo U10', 'vivo-u10', '\"Vivo U10 pin 5000mAh, sạc nhanh 18W, camera 13MP, giá rẻ.\"', '{\"man_hinh\":\"AMOLED ho\\u1eb7c IPS LCD, 6.4\\\" \\u0111\\u1ebfn 6.5\\\", Full HD+\",\"he_dieu_hanh\":\"Android 10 ho\\u1eb7c 11, ColorOS\\/Funtouch OS\\/Realme UI\\/MIUI\",\"camera_sau\":\"Ch\\u00ednh 48 MP ho\\u1eb7c 64 MP & Ph\\u1ee5 8 MP, 2 MP, 2 MP\",\"camera_truoc\":\"16 MP ho\\u1eb7c 32 MP\",\"chip\":\"Snapdragon 720G \\/ Helio G90T \\/ Dimensity series\",\"ram\":\"4 GB \\u0111\\u1ebfn 8 GB\",\"dung_luong_luu_tru\":\"U10\",\"sim\":\"2 Nano SIM, H\\u1ed7 tr\\u1ee3 4G\\/5G t\\u00f9y model\",\"pin_sac\":\"4000 mAh \\u0111\\u1ebfn 5000 mAh, S\\u1ea1c nhanh 30 W \\u0111\\u1ebfn 65 W\"}', 100, 3790000, 0, NULL, 0, 1, 0, 0, 0, '2025-12-09 19:39:38', '2025-12-09 19:42:58'),
(100, 1, 18, 'dien-thoai/vivo-v19-xanh-new-600x600-400x400.jpg', 'Vivo V19', 'vivo-v19', '\"Vivo V19 camera selfie 32MP kép, màn hình Super AMOLED, màu xanh.\"', '{\"man_hinh\":\"AMOLED ho\\u1eb7c IPS LCD, 6.4\\\" \\u0111\\u1ebfn 6.5\\\", Full HD+\",\"he_dieu_hanh\":\"Android 10 ho\\u1eb7c 11, ColorOS\\/Funtouch OS\\/Realme UI\\/MIUI\",\"camera_sau\":\"Ch\\u00ednh 48 MP ho\\u1eb7c 64 MP & Ph\\u1ee5 8 MP, 2 MP, 2 MP\",\"camera_truoc\":\"16 MP ho\\u1eb7c 32 MP\",\"chip\":\"Snapdragon 720G \\/ Helio G90T \\/ Dimensity series\",\"ram\":\"4 GB \\u0111\\u1ebfn 8 GB\",\"dung_luong_luu_tru\":\"V19\",\"sim\":\"2 Nano SIM, H\\u1ed7 tr\\u1ee3 4G\\/5G t\\u00f9y model\",\"pin_sac\":\"4000 mAh \\u0111\\u1ebfn 5000 mAh, S\\u1ea1c nhanh 30 W \\u0111\\u1ebfn 65 W\"}', 100, 7990000, 0, NULL, 0, 1, 0, 0, 0, '2025-12-09 19:39:38', '2025-12-09 19:42:58'),
(101, 1, 18, 'dien-thoai/vivo-v19-neo-den-600x600-400x400.jpg', 'Vivo V19 Neo', 'vivo-v19-neo', '\"Vivo V19 Neo Snapdragon 675, pin 4500mAh, camera 48MP, màu đen.\"', '{\"man_hinh\":\"AMOLED ho\\u1eb7c IPS LCD, 6.4\\\" \\u0111\\u1ebfn 6.5\\\", Full HD+\",\"he_dieu_hanh\":\"Android 10 ho\\u1eb7c 11, ColorOS\\/Funtouch OS\\/Realme UI\\/MIUI\",\"camera_sau\":\"Ch\\u00ednh 48 MP ho\\u1eb7c 64 MP & Ph\\u1ee5 8 MP, 2 MP, 2 MP\",\"camera_truoc\":\"16 MP ho\\u1eb7c 32 MP\",\"chip\":\"Snapdragon 720G \\/ Helio G90T \\/ Dimensity series\",\"ram\":\"4 GB \\u0111\\u1ebfn 8 GB\",\"dung_luong_luu_tru\":\"Neo\",\"sim\":\"2 Nano SIM, H\\u1ed7 tr\\u1ee3 4G\\/5G t\\u00f9y model\",\"pin_sac\":\"4000 mAh \\u0111\\u1ebfn 5000 mAh, S\\u1ea1c nhanh 30 W \\u0111\\u1ebfn 65 W\"}', 100, 7190000, 0, NULL, 0, 1, 0, 0, 0, '2025-12-09 19:39:38', '2025-12-09 19:42:58'),
(102, 1, 18, 'dien-thoai/vivo-v20.jpg', 'Vivo V20', 'vivo-v20', '\"Vivo V20 selfie 44MP AF, sạc nhanh 33W, màn hình AMOLED.\"', '{\"man_hinh\":\"AMOLED ho\\u1eb7c IPS LCD, 6.4\\\" \\u0111\\u1ebfn 6.5\\\", Full HD+\",\"he_dieu_hanh\":\"Android 10 ho\\u1eb7c 11, ColorOS\\/Funtouch OS\\/Realme UI\\/MIUI\",\"camera_sau\":\"Ch\\u00ednh 48 MP ho\\u1eb7c 64 MP & Ph\\u1ee5 8 MP, 2 MP, 2 MP\",\"camera_truoc\":\"16 MP ho\\u1eb7c 32 MP\",\"chip\":\"Snapdragon 720G \\/ Helio G90T \\/ Dimensity series\",\"ram\":\"4 GB \\u0111\\u1ebfn 8 GB\",\"dung_luong_luu_tru\":\"V20\",\"sim\":\"2 Nano SIM, H\\u1ed7 tr\\u1ee3 4G\\/5G t\\u00f9y model\",\"pin_sac\":\"4000 mAh \\u0111\\u1ebfn 5000 mAh, S\\u1ea1c nhanh 30 W \\u0111\\u1ebfn 65 W\"}', 100, 8490000, 0, NULL, 0, 1, 0, 0, 0, '2025-12-09 19:39:38', '2025-12-09 19:42:58'),
(103, 1, 18, 'dien-thoai/vivo-v20-se-1-400x400.jpg', 'Vivo V20 SE', 'vivo-v20-se', '\"Vivo V20 SE thiết kế mỏng nhẹ, camera 48MP, pin 4100mAh.\"', '{\"man_hinh\":\"AMOLED ho\\u1eb7c IPS LCD, 6.4\\\" \\u0111\\u1ebfn 6.5\\\", Full HD+\",\"he_dieu_hanh\":\"Android 10 ho\\u1eb7c 11, ColorOS\\/Funtouch OS\\/Realme UI\\/MIUI\",\"camera_sau\":\"Ch\\u00ednh 48 MP ho\\u1eb7c 64 MP & Ph\\u1ee5 8 MP, 2 MP, 2 MP\",\"camera_truoc\":\"16 MP ho\\u1eb7c 32 MP\",\"chip\":\"Snapdragon 720G \\/ Helio G90T \\/ Dimensity series\",\"ram\":\"4 GB \\u0111\\u1ebfn 8 GB\",\"dung_luong_luu_tru\":\"SE\",\"sim\":\"2 Nano SIM, H\\u1ed7 tr\\u1ee3 4G\\/5G t\\u00f9y model\",\"pin_sac\":\"4000 mAh \\u0111\\u1ebfn 5000 mAh, S\\u1ea1c nhanh 30 W \\u0111\\u1ebfn 65 W\"}', 100, 7190000, 0, NULL, 0, 1, 0, 0, 0, '2025-12-09 19:39:38', '2025-12-09 19:42:58'),
(104, 1, 18, 'dien-thoai/vivo-x50-155420-035433-400x400.jpg', 'Vivo X50', 'vivo-x50', '\"Vivo X50 gimbal chống rung, camera 48MP, màn hình 90Hz.\"', '{\"man_hinh\":\"AMOLED ho\\u1eb7c IPS LCD, 6.4\\\" \\u0111\\u1ebfn 6.5\\\", Full HD+\",\"he_dieu_hanh\":\"Android 10 ho\\u1eb7c 11, ColorOS\\/Funtouch OS\\/Realme UI\\/MIUI\",\"camera_sau\":\"Ch\\u00ednh 48 MP ho\\u1eb7c 64 MP & Ph\\u1ee5 8 MP, 2 MP, 2 MP\",\"camera_truoc\":\"16 MP ho\\u1eb7c 32 MP\",\"chip\":\"Snapdragon 720G \\/ Helio G90T \\/ Dimensity series\",\"ram\":\"4 GB \\u0111\\u1ebfn 8 GB\",\"dung_luong_luu_tru\":\"X50\",\"sim\":\"2 Nano SIM, H\\u1ed7 tr\\u1ee3 4G\\/5G t\\u00f9y model\",\"pin_sac\":\"4000 mAh \\u0111\\u1ebfn 5000 mAh, S\\u1ea1c nhanh 30 W \\u0111\\u1ebfn 65 W\"}', 100, 11990000, 0, NULL, 0, 1, 0, 0, 0, '2025-12-09 19:39:38', '2025-12-09 19:42:58'),
(105, 1, 18, 'dien-thoai/vivo-x50-pro-155920-035955-400x400.jpg', 'Vivo X50 Pro', 'vivo-x50-pro', '\"Vivo X50 Pro gimbal OIS, zoom 60x, màn hình cong 3D.\"', '{\"man_hinh\":\"AMOLED ho\\u1eb7c IPS LCD, 6.4\\\" \\u0111\\u1ebfn 6.5\\\", Full HD+\",\"he_dieu_hanh\":\"Android 10 ho\\u1eb7c 11, ColorOS\\/Funtouch OS\\/Realme UI\\/MIUI\",\"camera_sau\":\"Ch\\u00ednh 48 MP ho\\u1eb7c 64 MP & Ph\\u1ee5 8 MP, 2 MP, 2 MP\",\"camera_truoc\":\"16 MP ho\\u1eb7c 32 MP\",\"chip\":\"Snapdragon 720G \\/ Helio G90T \\/ Dimensity series\",\"ram\":\"4 GB \\u0111\\u1ebfn 8 GB\",\"dung_luong_luu_tru\":\"Pro\",\"sim\":\"2 Nano SIM, H\\u1ed7 tr\\u1ee3 4G\\/5G t\\u00f9y model\",\"pin_sac\":\"4000 mAh \\u0111\\u1ebfn 5000 mAh, S\\u1ea1c nhanh 30 W \\u0111\\u1ebfn 65 W\"}', 100, 18990000, 0, NULL, 0, 1, 0, 0, 0, '2025-12-09 19:39:38', '2025-12-09 19:42:58'),
(106, 1, 18, 'dien-thoai/vivo-y11-600-600-400x400.jpg', 'Vivo Y11', 'vivo-y11', '\"Vivo Y11 pin 5000mAh, màn hình 6.35 inch, camera kép, giá rẻ.\"', '{\"man_hinh\":\"AMOLED ho\\u1eb7c IPS LCD, 6.4\\\" \\u0111\\u1ebfn 6.5\\\", Full HD+\",\"he_dieu_hanh\":\"Android 10 ho\\u1eb7c 11, ColorOS\\/Funtouch OS\\/Realme UI\\/MIUI\",\"camera_sau\":\"Ch\\u00ednh 48 MP ho\\u1eb7c 64 MP & Ph\\u1ee5 8 MP, 2 MP, 2 MP\",\"camera_truoc\":\"16 MP ho\\u1eb7c 32 MP\",\"chip\":\"Snapdragon 720G \\/ Helio G90T \\/ Dimensity series\",\"ram\":\"4 GB \\u0111\\u1ebfn 8 GB\",\"dung_luong_luu_tru\":\"Y11\",\"sim\":\"2 Nano SIM, H\\u1ed7 tr\\u1ee3 4G\\/5G t\\u00f9y model\",\"pin_sac\":\"4000 mAh \\u0111\\u1ebfn 5000 mAh, S\\u1ea1c nhanh 30 W \\u0111\\u1ebfn 65 W\"}', 100, 2990000, 0, NULL, 0, 1, 0, 0, 0, '2025-12-09 19:39:38', '2025-12-09 19:42:58'),
(107, 3, 3, 'may-tinh-xach-tay/asus-vivobook-a512fa-i3-ej1845t-225610-400x400.jpg', 'Asus VivoBook A512FA i3 10110U (EJ1845T)', 'asus-vivobook-a512fa-i3-ej1845t', '\"Asus VivoBook A512FA i3-10110U, màn hình 15.6 inch FHD, SSD 512GB, mỏng nhẹ.\"', '{\"man_hinh\":\"14\\\" \\u0111\\u1ebfn 15.6\\\", Full HD IPS\",\"he_dieu_hanh\":\"Windows 10\",\"cpu\":\"Intel Core i3\\/i5\\/i7 th\\u1ebf h\\u1ec7 10 ho\\u1eb7c 11\",\"ram\":\"4 GB \\u0111\\u1ebfn 16 GB\",\"o_cung\":\"256 GB \\u0111\\u1ebfn 512 GB SSD\",\"card_do_hoa\":\"Intel UHD ho\\u1eb7c NVIDIA MX series\",\"ket_noi\":\"USB 3.0, HDMI, Type-C\",\"pin\":\"L\\u00ean \\u0111\\u1ebfn 8 gi\\u1edd\",\"trong_luong\":\"1.5 kg \\u0111\\u1ebfn 2.2 kg\"}', 100, 12690000, 0, NULL, 0, 1, 0, 0, 0, '2025-12-09 19:39:38', '2025-12-09 19:42:58'),
(108, 3, 3, 'may-tinh-xach-tay/asus-vivobook-a512fa-i5-ej1852t-225611-400x400.jpg', 'Asus VivoBook A512FA i5 10210U (EJ1852T)', 'asus-vivobook-a512fa-i5-ej1852t', '\"Asus VivoBook A512FA i5-10210U, 8GB RAM, SSD 512GB, màu bạc.\"', '{\"man_hinh\":\"14\\\" \\u0111\\u1ebfn 15.6\\\", Full HD IPS\",\"he_dieu_hanh\":\"Windows 10\",\"cpu\":\"Intel Core i3\\/i5\\/i7 th\\u1ebf h\\u1ec7 10 ho\\u1eb7c 11\",\"ram\":\"4 GB \\u0111\\u1ebfn 16 GB\",\"o_cung\":\"256 GB \\u0111\\u1ebfn 512 GB SSD\",\"card_do_hoa\":\"Intel UHD ho\\u1eb7c NVIDIA MX series\",\"ket_noi\":\"USB 3.0, HDMI, Type-C\",\"pin\":\"L\\u00ean \\u0111\\u1ebfn 8 gi\\u1edd\",\"trong_luong\":\"1.5 kg \\u0111\\u1ebfn 2.2 kg\"}', 100, 15490000, 0, NULL, 0, 1, 0, 0, 0, '2025-12-09 19:39:38', '2025-12-09 19:42:58'),
(109, 3, 3, 'may-tinh-xach-tay/asus-vivobook-gaming-f571gt-i5-al851t-226255-400x400.jpg', 'Asus VivoBook Gaming F571GT i5 9300H/120Hz (AL851T)', 'asus-vivobook-gaming-f571gt-i5-al851t', '\"Asus VivoBook Gaming F571GT i5-9300H, GTX 1650, màn hình 120Hz, RGB keyboard.\"', '{\"man_hinh\":\"14\\\" \\u0111\\u1ebfn 15.6\\\", Full HD IPS\",\"he_dieu_hanh\":\"Windows 10\",\"cpu\":\"Intel Core i3\\/i5\\/i7 th\\u1ebf h\\u1ec7 10 ho\\u1eb7c 11\",\"ram\":\"8 GB \\u0111\\u1ebfn 16 GB\",\"o_cung\":\"256 GB \\u0111\\u1ebfn 512 GB SSD\",\"card_do_hoa\":\"NVIDIA GTX ho\\u1eb7c RTX series\",\"ket_noi\":\"USB 3.0, HDMI, Type-C\",\"pin\":\"L\\u00ean \\u0111\\u1ebfn 8 gi\\u1edd\",\"trong_luong\":\"1.5 kg \\u0111\\u1ebfn 2.2 kg\"}', 100, 21790000, 0, NULL, 0, 1, 0, 0, 0, '2025-12-09 19:39:38', '2025-12-09 19:42:58'),
(110, 3, 3, 'may-tinh-xach-tay/asus-vivobook-gaming-f571gt-i7-al858t-226256-400x400.jpg', 'Asus VivoBook Gaming F571GT i7 9750H/120Hz (AL858T)', 'asus-vivobook-gaming-f571gt-i7-al858t', '\"Asus VivoBook Gaming F571GT i7-9750H, GTX 1650, 120Hz, chơi game mượt.\"', '{\"man_hinh\":\"14\\\" \\u0111\\u1ebfn 15.6\\\", Full HD IPS\",\"he_dieu_hanh\":\"Windows 10\",\"cpu\":\"Intel Core i3\\/i5\\/i7 th\\u1ebf h\\u1ec7 10 ho\\u1eb7c 11\",\"ram\":\"8 GB \\u0111\\u1ebfn 16 GB\",\"o_cung\":\"256 GB \\u0111\\u1ebfn 512 GB SSD\",\"card_do_hoa\":\"NVIDIA GTX ho\\u1eb7c RTX series\",\"ket_noi\":\"USB 3.0, HDMI, Type-C\",\"pin\":\"L\\u00ean \\u0111\\u1ebfn 8 gi\\u1edd\",\"trong_luong\":\"1.5 kg \\u0111\\u1ebfn 2.2 kg\"}', 100, 24490000, 0, NULL, 0, 1, 0, 0, 0, '2025-12-09 19:39:38', '2025-12-09 19:42:58'),
(111, 3, 3, 'may-tinh-xach-tay/asus-x409ja-i3-ek015t-220526-2-400x400.jpg', 'Asus VivoBook X409JA i3 1005G1 (EK015T)', 'asus-x409ja-i3-ek015t', '\"Asus X409JA i3-1005G1, SSD 256GB, màn hình 14 inch, giá rẻ.\"', '{\"man_hinh\":\"14\\\" \\u0111\\u1ebfn 15.6\\\", Full HD IPS\",\"he_dieu_hanh\":\"Windows 10\",\"cpu\":\"Intel Core i3\\/i5\\/i7 th\\u1ebf h\\u1ec7 10 ho\\u1eb7c 11\",\"ram\":\"4 GB \\u0111\\u1ebfn 16 GB\",\"o_cung\":\"256 GB \\u0111\\u1ebfn 512 GB SSD\",\"card_do_hoa\":\"Intel UHD ho\\u1eb7c NVIDIA MX series\",\"ket_noi\":\"USB 3.0, HDMI, Type-C\",\"pin\":\"L\\u00ean \\u0111\\u1ebfn 8 gi\\u1edd\",\"trong_luong\":\"1.5 kg \\u0111\\u1ebfn 2.2 kg\"}', 100, 11590000, 0, NULL, 0, 1, 0, 0, 0, '2025-12-09 19:39:38', '2025-12-09 19:42:58'),
(112, 3, 3, 'may-tinh-xach-tay/asus-vivobook-x409ja-i5-ek052t-220976-400x400.jpg', 'Asus VivoBook X409JA i5 1035G1 (EK052T)', 'asus-vivobook-x409ja-i5-ek052t', '\"Asus X409JA i5-1035G1, SSD 512GB, pin 7 tiếng, màu bạc.\"', '{\"man_hinh\":\"14\\\" \\u0111\\u1ebfn 15.6\\\", Full HD IPS\",\"he_dieu_hanh\":\"Windows 10\",\"cpu\":\"Intel Core i3\\/i5\\/i7 th\\u1ebf h\\u1ec7 10 ho\\u1eb7c 11\",\"ram\":\"4 GB \\u0111\\u1ebfn 16 GB\",\"o_cung\":\"256 GB \\u0111\\u1ebfn 512 GB SSD\",\"card_do_hoa\":\"Intel UHD ho\\u1eb7c NVIDIA MX series\",\"ket_noi\":\"USB 3.0, HDMI, Type-C\",\"pin\":\"L\\u00ean \\u0111\\u1ebfn 8 gi\\u1edd\",\"trong_luong\":\"1.5 kg \\u0111\\u1ebfn 2.2 kg\"}', 100, 15490000, 0, NULL, 0, 1, 0, 0, 0, '2025-12-09 19:39:38', '2025-12-09 19:42:58'),
(113, 3, 3, 'may-tinh-xach-tay/asus-vivobook-x509ja-i7-ej232ts-vantay-220576-400x400.jpg', 'Asus VivoBook X509JA i7 1065G7 (EJ232TS)', 'asus-vivobook-x509ja-i7-ej232ts', '\"Asus X509JA i7-1065G7, SSD 512GB, vân tay, màn hình 15.6 inch.\"', '{\"man_hinh\":\"14\\\" \\u0111\\u1ebfn 15.6\\\", Full HD IPS\",\"he_dieu_hanh\":\"Windows 10\",\"cpu\":\"Intel Core i3\\/i5\\/i7 th\\u1ebf h\\u1ec7 10 ho\\u1eb7c 11\",\"ram\":\"4 GB \\u0111\\u1ebfn 16 GB\",\"o_cung\":\"256 GB \\u0111\\u1ebfn 512 GB SSD\",\"card_do_hoa\":\"Intel UHD ho\\u1eb7c NVIDIA MX series\",\"ket_noi\":\"USB 3.0, HDMI, Type-C\",\"pin\":\"L\\u00ean \\u0111\\u1ebfn 8 gi\\u1edd\",\"trong_luong\":\"1.5 kg \\u0111\\u1ebfn 2.2 kg\"}', 100, 19190000, 0, NULL, 0, 1, 0, 0, 0, '2025-12-09 19:39:38', '2025-12-09 19:42:58'),
(114, 3, 3, 'may-tinh-xach-tay/asus-zenbook-ux425ea-i5-bm069t-293920-103940-400x400.jpg', 'Asus ZenBook UX425EA i5 1135G7 (BM069T)', 'asus-zenbook-ux425ea-i5-bm069t', '\"Asus ZenBook UX425EA i5-1135G7, màn hình OLED, pin 17 tiếng, siêu nhẹ.\"', '{\"man_hinh\":\"14\\\" \\u0111\\u1ebfn 15.6\\\", Full HD IPS\",\"he_dieu_hanh\":\"Windows 10\",\"cpu\":\"Intel Core i3\\/i5\\/i7 th\\u1ebf h\\u1ec7 10 ho\\u1eb7c 11\",\"ram\":\"4 GB \\u0111\\u1ebfn 16 GB\",\"o_cung\":\"256 GB \\u0111\\u1ebfn 512 GB SSD\",\"card_do_hoa\":\"Intel UHD ho\\u1eb7c NVIDIA MX series\",\"ket_noi\":\"USB 3.0, HDMI, Type-C\",\"pin\":\"L\\u00ean \\u0111\\u1ebfn 8 gi\\u1edd\",\"trong_luong\":\"1.5 kg \\u0111\\u1ebfn 2.2 kg\"}', 100, 22990000, 0, NULL, 0, 1, 0, 0, 0, '2025-12-09 19:39:38', '2025-12-09 19:42:58'),
(115, 3, 4, 'may-tinh-xach-tay/dell-inspiron-3493-i5-n4i5122w-222088-400x400.jpg', 'Dell Inspiron 3493 i5 1035G1 (N4I5122WA)', 'dell-inspiron-3493-i5-n4i5122w', '\"Dell Inspiron 3493 i5-1035G1, 8GB RAM, SSD 256GB + HDD 1TB.\"', '{\"man_hinh\":\"14\\\" \\u0111\\u1ebfn 15.6\\\", Full HD IPS\",\"he_dieu_hanh\":\"Windows 10\",\"cpu\":\"Intel Core i3\\/i5\\/i7 th\\u1ebf h\\u1ec7 10 ho\\u1eb7c 11\",\"ram\":\"4 GB \\u0111\\u1ebfn 16 GB\",\"o_cung\":\"256 GB \\u0111\\u1ebfn 512 GB SSD\",\"card_do_hoa\":\"Intel UHD ho\\u1eb7c NVIDIA MX series\",\"ket_noi\":\"USB 3.0, HDMI, Type-C\",\"pin\":\"L\\u00ean \\u0111\\u1ebfn 8 gi\\u1edd\",\"trong_luong\":\"1.5 kg \\u0111\\u1ebfn 2.2 kg\"}', 100, 15290000, 0, NULL, 0, 1, 0, 0, 0, '2025-12-09 19:39:38', '2025-12-09 19:42:58'),
(116, 3, 4, 'may-tinh-xach-tay/dell-vostro-3590-i5-grmgk3-225520-055537-400x400.jpg', 'Dell Vostro 3590 i5 10210U (GRMGK3)', 'dell-vostro-3590-i5-grmgk3', '\"Dell Vostro 3590 i5-10210U, GTX 1650, chơi game nhẹ tốt.\"', '{\"man_hinh\":\"14\\\" \\u0111\\u1ebfn 15.6\\\", Full HD IPS\",\"he_dieu_hanh\":\"Windows 10\",\"cpu\":\"Intel Core i3\\/i5\\/i7 th\\u1ebf h\\u1ec7 10 ho\\u1eb7c 11\",\"ram\":\"4 GB \\u0111\\u1ebfn 16 GB\",\"o_cung\":\"256 GB \\u0111\\u1ebfn 512 GB SSD\",\"card_do_hoa\":\"Intel UHD ho\\u1eb7c NVIDIA MX series\",\"ket_noi\":\"USB 3.0, HDMI, Type-C\",\"pin\":\"L\\u00ean \\u0111\\u1ebfn 8 gi\\u1edd\",\"trong_luong\":\"1.5 kg \\u0111\\u1ebfn 2.2 kg\"}', 100, 15590000, 0, NULL, 0, 1, 0, 0, 0, '2025-12-09 19:39:38', '2025-12-09 19:42:58'),
(117, 3, 4, 'may-tinh-xach-tay/dell-xps-13-9300-i5-p117g001-234120-084153-226057-400x400.jpg', 'Dell Xps 13 9300 I5 1035G1 (70217873)', 'dell-xps-13-9300-i5-1035g1-70217873', '\"Dell XPS 13 9300 i5-1035G1, màn hình 13.4 inch 4K, viền siêu mỏng.\"', '{\"man_hinh\":\"14\\\" \\u0111\\u1ebfn 15.6\\\", Full HD IPS\",\"he_dieu_hanh\":\"Windows 10\",\"cpu\":\"Intel Core i3\\/i5\\/i7 th\\u1ebf h\\u1ec7 10 ho\\u1eb7c 11\",\"ram\":\"4 GB \\u0111\\u1ebfn 16 GB\",\"o_cung\":\"256 GB \\u0111\\u1ebfn 512 GB SSD\",\"card_do_hoa\":\"Intel UHD ho\\u1eb7c NVIDIA MX series\",\"ket_noi\":\"USB 3.0, HDMI, Type-C\",\"pin\":\"L\\u00ean \\u0111\\u1ebfn 8 gi\\u1edd\",\"trong_luong\":\"1.5 kg \\u0111\\u1ebfn 2.2 kg\"}', 100, 39990000, 99, 399900, 0, 1, 0, 0, 0, '2025-12-09 19:39:38', '2025-12-09 19:42:58'),
(118, 3, 5, 'may-tinh-xach-tay/hp-envy-13-ba0047tu-i7-171m8pa-185620-125656-400x400.jpg', 'HP Envy 13 ba0047TU i7 1065G7 (171M8PA)', 'hp-envy-13-ba0047tu-i7-171m8pa', '\"HP Envy 13 i7-1065G7, màn hình 13.3 inch FHD, pin 11 tiếng.\"', '{\"man_hinh\":\"14\\\" \\u0111\\u1ebfn 15.6\\\", Full HD IPS\",\"he_dieu_hanh\":\"Windows 10\",\"cpu\":\"Intel Core i3\\/i5\\/i7 th\\u1ebf h\\u1ec7 10 ho\\u1eb7c 11\",\"ram\":\"4 GB \\u0111\\u1ebfn 16 GB\",\"o_cung\":\"256 GB \\u0111\\u1ebfn 512 GB SSD\",\"card_do_hoa\":\"Intel UHD ho\\u1eb7c NVIDIA MX series\",\"ket_noi\":\"USB 3.0, HDMI, Type-C\",\"pin\":\"L\\u00ean \\u0111\\u1ebfn 8 gi\\u1edd\",\"trong_luong\":\"1.5 kg \\u0111\\u1ebfn 2.2 kg\"}', 100, 27990000, 0, NULL, 0, 1, 0, 0, 0, '2025-12-09 19:39:38', '2025-12-09 19:42:58'),
(119, 3, 5, 'may-tinh-xach-tay/hp-pavilion-15-cs3014tu-i5-8qp20pa-8-216085-400x400.jpg', 'HP Pavilion 15 cs3014TU i5 1035G1 (8QP20PA)', 'hp-pavilion-15-cs3014tu-i5-8qp20pa', '\"HP Pavilion 15 i5-1035G1, 8GB RAM, SSD 512GB, màu bạc.\"', '{\"man_hinh\":\"14\\\" \\u0111\\u1ebfn 15.6\\\", Full HD IPS\",\"he_dieu_hanh\":\"Windows 10\",\"cpu\":\"Intel Core i3\\/i5\\/i7 th\\u1ebf h\\u1ec7 10 ho\\u1eb7c 11\",\"ram\":\"4 GB \\u0111\\u1ebfn 16 GB\",\"o_cung\":\"256 GB \\u0111\\u1ebfn 512 GB SSD\",\"card_do_hoa\":\"Intel UHD ho\\u1eb7c NVIDIA MX series\",\"ket_noi\":\"USB 3.0, HDMI, Type-C\",\"pin\":\"L\\u00ean \\u0111\\u1ebfn 8 gi\\u1edd\",\"trong_luong\":\"1.5 kg \\u0111\\u1ebfn 2.2 kg\"}', 100, 15590000, 0, NULL, 0, 1, 0, 0, 0, '2025-12-09 19:39:38', '2025-12-09 19:42:58'),
(120, 3, 8, 'may-tinh-xach-tay/lenovo-legion-5-15imh05-i7-82au0051vn-210520-040515-400x400.jpg', 'Lenovo Legion 5 15IMH05 i7 10750H/120Hz (82AU0051VN)', 'lenovo-legion-5-15imh05-i7-82au0051vn', '\"Lenovo Legion 5 i7-10750H, RTX 2060, màn hình 120Hz, RGB keyboard.\"', '{\"man_hinh\":\"14\\\" \\u0111\\u1ebfn 15.6\\\", Full HD IPS\",\"he_dieu_hanh\":\"Windows 10\",\"cpu\":\"Intel Core i3\\/i5\\/i7 th\\u1ebf h\\u1ec7 10 ho\\u1eb7c 11\",\"ram\":\"4 GB \\u0111\\u1ebfn 16 GB\",\"o_cung\":\"256 GB \\u0111\\u1ebfn 512 GB SSD\",\"card_do_hoa\":\"Intel UHD ho\\u1eb7c NVIDIA MX series\",\"ket_noi\":\"USB 3.0, HDMI, Type-C\",\"pin\":\"L\\u00ean \\u0111\\u1ebfn 8 gi\\u1edd\",\"trong_luong\":\"1.5 kg \\u0111\\u1ebfn 2.2 kg\"}', 100, 28990000, 0, NULL, 0, 1, 0, 0, 0, '2025-12-09 19:39:38', '2025-12-09 19:42:58'),
(121, 3, 2, 'may-tinh-xach-tay/apple-macbook-air-2020-i3-220174-1-400x400.jpg', 'MacBook Air 2020 i3 256GB (MWTL2SA/A)', 'apple-macbook-air-2020-i3', '\"MacBook Air 2020 i3, Retina True Tone, Touch ID, pin 11 tiếng.\"', '{\"man_hinh\":\"13.3\\\", Retina\",\"he_dieu_hanh\":\"macOS\",\"cpu\":\"Intel Core i3 ho\\u1eb7c Apple M1\",\"ram\":\"8 GB\",\"o_cung\":\"256 GB SSD\",\"card_do_hoa\":\"Intel Iris Plus ho\\u1eb7c Apple Integrated\",\"ket_noi\":\"Thunderbolt 3, USB-C\",\"pin\":\"L\\u00ean \\u0111\\u1ebfn 18 gi\\u1edd\",\"trong_luong\":\"1.29 kg\"}', 100, 28990000, 0, NULL, 0, 1, 0, 0, 0, '2025-12-09 19:39:38', '2025-12-09 19:42:58'),
(122, 1, 18, 'dien-thoai/vivo-y12s-162620-112633-400x400.jpg', 'Vivo Y12s (3GB/32GB)', 'vivo-y12s', NULL, '{\"man_hinh\":\"AMOLED ho\\u1eb7c IPS LCD, 6.4\\\" \\u0111\\u1ebfn 6.5\\\", Full HD+\",\"he_dieu_hanh\":\"Android 10 ho\\u1eb7c 11, ColorOS\\/Funtouch OS\\/Realme UI\\/MIUI\",\"camera_sau\":\"Ch\\u00ednh 48 MP ho\\u1eb7c 64 MP & Ph\\u1ee5 8 MP, 2 MP, 2 MP\",\"camera_truoc\":\"16 MP ho\\u1eb7c 32 MP\",\"chip\":\"Snapdragon 720G \\/ Helio G90T \\/ Dimensity series\",\"ram\":\"4 GB \\u0111\\u1ebfn 8 GB\",\"dung_luong_luu_tru\":\"(3GB\\/32GB)\",\"sim\":\"2 Nano SIM, H\\u1ed7 tr\\u1ee3 4G\\/5G t\\u00f9y model\",\"pin_sac\":\"4000 mAh \\u0111\\u1ebfn 5000 mAh, S\\u1ea1c nhanh 30 W \\u0111\\u1ebfn 65 W\"}', 100, 3290000, 0, NULL, 0, 1, 0, 0, 0, '2025-12-09 19:39:38', '2025-12-09 19:42:58'),
(123, 1, 18, 'dien-thoai/vivo-y12s-4gb-128gb-073420-083440-400x400.jpg', 'Vivo Y12s (4GB/128GB)', 'vivo-y12s-4gb-128gb', NULL, '{\"man_hinh\":\"AMOLED ho\\u1eb7c IPS LCD, 6.4\\\" \\u0111\\u1ebfn 6.5\\\", Full HD+\",\"he_dieu_hanh\":\"Android 10 ho\\u1eb7c 11, ColorOS\\/Funtouch OS\\/Realme UI\\/MIUI\",\"camera_sau\":\"Ch\\u00ednh 48 MP ho\\u1eb7c 64 MP & Ph\\u1ee5 8 MP, 2 MP, 2 MP\",\"camera_truoc\":\"16 MP ho\\u1eb7c 32 MP\",\"chip\":\"Snapdragon 720G \\/ Helio G90T \\/ Dimensity series\",\"ram\":\"4 GB \\u0111\\u1ebfn 8 GB\",\"dung_luong_luu_tru\":\"(4GB\\/128GB)\",\"sim\":\"2 Nano SIM, H\\u1ed7 tr\\u1ee3 4G\\/5G t\\u00f9y model\",\"pin_sac\":\"4000 mAh \\u0111\\u1ebfn 5000 mAh, S\\u1ea1c nhanh 30 W \\u0111\\u1ebfn 65 W\"}', 100, 4290000, 0, NULL, 0, 1, 0, 0, 0, '2025-12-09 19:39:38', '2025-12-09 19:42:58'),
(124, 1, 18, 'dien-thoai/vivo-y19-white-400x400.jpg', 'Vivo Y19', 'vivo-y19', NULL, '{\"man_hinh\":\"AMOLED ho\\u1eb7c IPS LCD, 6.4\\\" \\u0111\\u1ebfn 6.5\\\", Full HD+\",\"he_dieu_hanh\":\"Android 10 ho\\u1eb7c 11, ColorOS\\/Funtouch OS\\/Realme UI\\/MIUI\",\"camera_sau\":\"Ch\\u00ednh 48 MP ho\\u1eb7c 64 MP & Ph\\u1ee5 8 MP, 2 MP, 2 MP\",\"camera_truoc\":\"16 MP ho\\u1eb7c 32 MP\",\"chip\":\"Snapdragon 720G \\/ Helio G90T \\/ Dimensity series\",\"ram\":\"4 GB \\u0111\\u1ebfn 8 GB\",\"dung_luong_luu_tru\":\"Y19\",\"sim\":\"2 Nano SIM, H\\u1ed7 tr\\u1ee3 4G\\/5G t\\u00f9y model\",\"pin_sac\":\"4000 mAh \\u0111\\u1ebfn 5000 mAh, S\\u1ea1c nhanh 30 W \\u0111\\u1ebfn 65 W\"}', 100, 4790000, 0, NULL, 0, 1, 0, 0, 0, '2025-12-09 19:39:38', '2025-12-09 19:42:58'),
(125, 1, 18, 'dien-thoai/vivo-y1s-154420-014445-400x400.jpg', 'Vivo Y1s', 'vivo-y1s', NULL, '{\"man_hinh\":\"AMOLED ho\\u1eb7c IPS LCD, 6.4\\\" \\u0111\\u1ebfn 6.5\\\", Full HD+\",\"he_dieu_hanh\":\"Android 10 ho\\u1eb7c 11, ColorOS\\/Funtouch OS\\/Realme UI\\/MIUI\",\"camera_sau\":\"Ch\\u00ednh 48 MP ho\\u1eb7c 64 MP & Ph\\u1ee5 8 MP, 2 MP, 2 MP\",\"camera_truoc\":\"16 MP ho\\u1eb7c 32 MP\",\"chip\":\"Snapdragon 720G \\/ Helio G90T \\/ Dimensity series\",\"ram\":\"4 GB \\u0111\\u1ebfn 8 GB\",\"dung_luong_luu_tru\":\"Y1s\",\"sim\":\"2 Nano SIM, H\\u1ed7 tr\\u1ee3 4G\\/5G t\\u00f9y model\",\"pin_sac\":\"4000 mAh \\u0111\\u1ebfn 5000 mAh, S\\u1ea1c nhanh 30 W \\u0111\\u1ebfn 65 W\"}', 100, 2490000, 0, NULL, 0, 1, 0, 0, 0, '2025-12-09 19:39:38', '2025-12-09 19:42:58'),
(126, 1, 18, 'dien-thoai/vivo-y20-1-400x400.jpg', 'Vivo Y20', 'vivo-y20', NULL, '{\"man_hinh\":\"AMOLED ho\\u1eb7c IPS LCD, 6.4\\\" \\u0111\\u1ebfn 6.5\\\", Full HD+\",\"he_dieu_hanh\":\"Android 10 ho\\u1eb7c 11, ColorOS\\/Funtouch OS\\/Realme UI\\/MIUI\",\"camera_sau\":\"Ch\\u00ednh 48 MP ho\\u1eb7c 64 MP & Ph\\u1ee5 8 MP, 2 MP, 2 MP\",\"camera_truoc\":\"16 MP ho\\u1eb7c 32 MP\",\"chip\":\"Snapdragon 720G \\/ Helio G90T \\/ Dimensity series\",\"ram\":\"4 GB \\u0111\\u1ebfn 8 GB\",\"dung_luong_luu_tru\":\"Y20\",\"sim\":\"2 Nano SIM, H\\u1ed7 tr\\u1ee3 4G\\/5G t\\u00f9y model\",\"pin_sac\":\"4000 mAh \\u0111\\u1ebfn 5000 mAh, S\\u1ea1c nhanh 30 W \\u0111\\u1ebfn 65 W\"}', 100, 3990000, 0, NULL, 0, 1, 0, 0, 0, '2025-12-09 19:39:38', '2025-12-09 19:42:58'),
(127, 1, 18, 'dien-thoai/vivo-y20s-xanh-600x600-400x400.jpg', 'Vivo Y20s', 'vivo-y20s', NULL, '{\"man_hinh\":\"AMOLED ho\\u1eb7c IPS LCD, 6.4\\\" \\u0111\\u1ebfn 6.5\\\", Full HD+\",\"he_dieu_hanh\":\"Android 10 ho\\u1eb7c 11, ColorOS\\/Funtouch OS\\/Realme UI\\/MIUI\",\"camera_sau\":\"Ch\\u00ednh 48 MP ho\\u1eb7c 64 MP & Ph\\u1ee5 8 MP, 2 MP, 2 MP\",\"camera_truoc\":\"16 MP ho\\u1eb7c 32 MP\",\"chip\":\"Snapdragon 720G \\/ Helio G90T \\/ Dimensity series\",\"ram\":\"4 GB \\u0111\\u1ebfn 8 GB\",\"dung_luong_luu_tru\":\"Y20s\",\"sim\":\"2 Nano SIM, H\\u1ed7 tr\\u1ee3 4G\\/5G t\\u00f9y model\",\"pin_sac\":\"4000 mAh \\u0111\\u1ebfn 5000 mAh, S\\u1ea1c nhanh 30 W \\u0111\\u1ebfn 65 W\"}', 100, 4990000, 0, NULL, 0, 1, 0, 0, 0, '2025-12-09 19:39:38', '2025-12-09 19:42:58'),
(128, 1, 18, 'dien-thoai/vivo-y30-600x600-400x400.jpg', 'Vivo Y30', 'vivo-y30', NULL, '{\"man_hinh\":\"AMOLED ho\\u1eb7c IPS LCD, 6.4\\\" \\u0111\\u1ebfn 6.5\\\", Full HD+\",\"he_dieu_hanh\":\"Android 10 ho\\u1eb7c 11, ColorOS\\/Funtouch OS\\/Realme UI\\/MIUI\",\"camera_sau\":\"Ch\\u00ednh 48 MP ho\\u1eb7c 64 MP & Ph\\u1ee5 8 MP, 2 MP, 2 MP\",\"camera_truoc\":\"16 MP ho\\u1eb7c 32 MP\",\"chip\":\"Snapdragon 720G \\/ Helio G90T \\/ Dimensity series\",\"ram\":\"4 GB \\u0111\\u1ebfn 8 GB\",\"dung_luong_luu_tru\":\"Y30\",\"sim\":\"2 Nano SIM, H\\u1ed7 tr\\u1ee3 4G\\/5G t\\u00f9y model\",\"pin_sac\":\"4000 mAh \\u0111\\u1ebfn 5000 mAh, S\\u1ea1c nhanh 30 W \\u0111\\u1ebfn 65 W\"}', 100, 4490000, 0, NULL, 0, 1, 0, 0, 0, '2025-12-09 19:39:38', '2025-12-09 19:42:58'),
(129, 1, 18, 'dien-thoai/vivo-y50-20.jpg', 'Vivo Y50', 'vivo-y50', NULL, '{\"man_hinh\":\"AMOLED ho\\u1eb7c IPS LCD, 6.4\\\" \\u0111\\u1ebfn 6.5\\\", Full HD+\",\"he_dieu_hanh\":\"Android 10 ho\\u1eb7c 11, ColorOS\\/Funtouch OS\\/Realme UI\\/MIUI\",\"camera_sau\":\"Ch\\u00ednh 48 MP ho\\u1eb7c 64 MP & Ph\\u1ee5 8 MP, 2 MP, 2 MP\",\"camera_truoc\":\"16 MP ho\\u1eb7c 32 MP\",\"chip\":\"Snapdragon 720G \\/ Helio G90T \\/ Dimensity series\",\"ram\":\"4 GB \\u0111\\u1ebfn 8 GB\",\"dung_luong_luu_tru\":\"Y50\",\"sim\":\"2 Nano SIM, H\\u1ed7 tr\\u1ee3 4G\\/5G t\\u00f9y model\",\"pin_sac\":\"4000 mAh \\u0111\\u1ebfn 5000 mAh, S\\u1ea1c nhanh 30 W \\u0111\\u1ebfn 65 W\"}', 100, 5990000, 0, NULL, 0, 1, 0, 0, 0, '2025-12-09 19:39:38', '2025-12-09 19:42:58'),
(130, 1, 19, 'dien-thoai/xiaomi-mi-10t-pro-300420-070407-400x400.jpg', 'Xiaomi Mi 10T Pro 5G', 'xiaomi-mi-10t-pro', NULL, '{\"man_hinh\":\"AMOLED ho\\u1eb7c IPS LCD, 6.4\\\" \\u0111\\u1ebfn 6.5\\\", Full HD+\",\"he_dieu_hanh\":\"Android 10 ho\\u1eb7c 11, ColorOS\\/Funtouch OS\\/Realme UI\\/MIUI\",\"camera_sau\":\"Ch\\u00ednh 48 MP ho\\u1eb7c 64 MP & Ph\\u1ee5 8 MP, 2 MP, 2 MP\",\"camera_truoc\":\"16 MP ho\\u1eb7c 32 MP\",\"chip\":\"Snapdragon 720G \\/ Helio G90T \\/ Dimensity series\",\"ram\":\"4 GB \\u0111\\u1ebfn 8 GB\",\"dung_luong_luu_tru\":\"5G\",\"sim\":\"2 Nano SIM, H\\u1ed7 tr\\u1ee3 4G\\/5G t\\u00f9y model\",\"pin_sac\":\"4000 mAh \\u0111\\u1ebfn 5000 mAh, S\\u1ea1c nhanh 30 W \\u0111\\u1ebfn 65 W\"}', 100, 12990000, 0, NULL, 0, 1, 0, 0, 0, '2025-12-09 19:39:38', '2025-12-09 19:42:58');
INSERT INTO `sanpham` (`id`, `loaisanpham_id`, `hangsanxuat_id`, `hinhanh`, `tensanpham`, `tensanpham_slug`, `mota`, `thongso`, `soluong`, `gia`, `khuyenmai`, `gia_khuyenmai`, `daban`, `trangthai`, `luotxem`, `noibat`, `sl_dat_truoc`, `created_at`, `updated_at`) VALUES
(131, 1, 19, 'dien-thoai/xiaomi-poco-x3-nfc-xam-600x600-400x400.jpg', 'Xiaomi POCO X3 NFC', 'xiaomi-poco-x3', NULL, '{\"man_hinh\":\"AMOLED ho\\u1eb7c IPS LCD, 6.4\\\" \\u0111\\u1ebfn 6.5\\\", Full HD+\",\"he_dieu_hanh\":\"Android 10 ho\\u1eb7c 11, ColorOS\\/Funtouch OS\\/Realme UI\\/MIUI\",\"camera_sau\":\"Ch\\u00ednh 48 MP ho\\u1eb7c 64 MP & Ph\\u1ee5 8 MP, 2 MP, 2 MP\",\"camera_truoc\":\"16 MP ho\\u1eb7c 32 MP\",\"chip\":\"Snapdragon 720G \\/ Helio G90T \\/ Dimensity series\",\"ram\":\"4 GB \\u0111\\u1ebfn 8 GB\",\"dung_luong_luu_tru\":\"NFC\",\"sim\":\"2 Nano SIM, H\\u1ed7 tr\\u1ee3 4G\\/5G t\\u00f9y model\",\"pin_sac\":\"4000 mAh \\u0111\\u1ebfn 5000 mAh, S\\u1ea1c nhanh 30 W \\u0111\\u1ebfn 65 W\"}', 100, 6990000, 0, NULL, 0, 1, 0, 0, 0, '2025-12-09 19:39:38', '2025-12-09 19:42:58'),
(132, 1, 19, 'dien-thoai/xiaomi-redmi-9-3gb-114620-094621-400x400.jpg', 'Xiaomi Redmi 9 (3GB/32GB)', 'xiaomi-redmi-9-3gb', NULL, '{\"man_hinh\":\"AMOLED ho\\u1eb7c IPS LCD, 6.4\\\" \\u0111\\u1ebfn 6.5\\\", Full HD+\",\"he_dieu_hanh\":\"Android 10 ho\\u1eb7c 11, ColorOS\\/Funtouch OS\\/Realme UI\\/MIUI\",\"camera_sau\":\"Ch\\u00ednh 48 MP ho\\u1eb7c 64 MP & Ph\\u1ee5 8 MP, 2 MP, 2 MP\",\"camera_truoc\":\"16 MP ho\\u1eb7c 32 MP\",\"chip\":\"Snapdragon 720G \\/ Helio G90T \\/ Dimensity series\",\"ram\":\"4 GB \\u0111\\u1ebfn 8 GB\",\"dung_luong_luu_tru\":\"(3GB\\/32GB)\",\"sim\":\"2 Nano SIM, H\\u1ed7 tr\\u1ee3 4G\\/5G t\\u00f9y model\",\"pin_sac\":\"4000 mAh \\u0111\\u1ebfn 5000 mAh, S\\u1ea1c nhanh 30 W \\u0111\\u1ebfn 65 W\"}', 100, 3590000, 0, NULL, 0, 1, 0, 0, 0, '2025-12-09 19:39:38', '2025-12-09 19:42:58'),
(133, 1, 19, 'dien-thoai/xiaomi-redmi-9-28.jpg', 'Xiaomi Redmi 9 (4GB/64GB)', 'xiaomi-redmi-9', NULL, '{\"man_hinh\":\"AMOLED ho\\u1eb7c IPS LCD, 6.4\\\" \\u0111\\u1ebfn 6.5\\\", Full HD+\",\"he_dieu_hanh\":\"Android 10 ho\\u1eb7c 11, ColorOS\\/Funtouch OS\\/Realme UI\\/MIUI\",\"camera_sau\":\"Ch\\u00ednh 48 MP ho\\u1eb7c 64 MP & Ph\\u1ee5 8 MP, 2 MP, 2 MP\",\"camera_truoc\":\"16 MP ho\\u1eb7c 32 MP\",\"chip\":\"Snapdragon 720G \\/ Helio G90T \\/ Dimensity series\",\"ram\":\"4 GB \\u0111\\u1ebfn 8 GB\",\"dung_luong_luu_tru\":\"(4GB\\/64GB)\",\"sim\":\"2 Nano SIM, H\\u1ed7 tr\\u1ee3 4G\\/5G t\\u00f9y model\",\"pin_sac\":\"4000 mAh \\u0111\\u1ebfn 5000 mAh, S\\u1ea1c nhanh 30 W \\u0111\\u1ebfn 65 W\"}', 100, 3990000, 0, NULL, 0, 1, 0, 0, 0, '2025-12-09 19:39:38', '2025-12-09 19:42:58'),
(134, 1, 19, 'dien-thoai/xiaomi-redmi-9a-grey-600x600-400x400.jpg', 'Xiaomi Redmi 9A', 'xiaomi-redmi-9a', NULL, '{\"man_hinh\":\"AMOLED ho\\u1eb7c IPS LCD, 6.4\\\" \\u0111\\u1ebfn 6.5\\\", Full HD+\",\"he_dieu_hanh\":\"Android 10 ho\\u1eb7c 11, ColorOS\\/Funtouch OS\\/Realme UI\\/MIUI\",\"camera_sau\":\"Ch\\u00ednh 48 MP ho\\u1eb7c 64 MP & Ph\\u1ee5 8 MP, 2 MP, 2 MP\",\"camera_truoc\":\"16 MP ho\\u1eb7c 32 MP\",\"chip\":\"Snapdragon 720G \\/ Helio G90T \\/ Dimensity series\",\"ram\":\"4 GB \\u0111\\u1ebfn 8 GB\",\"dung_luong_luu_tru\":\"9A\",\"sim\":\"2 Nano SIM, H\\u1ed7 tr\\u1ee3 4G\\/5G t\\u00f9y model\",\"pin_sac\":\"4000 mAh \\u0111\\u1ebfn 5000 mAh, S\\u1ea1c nhanh 30 W \\u0111\\u1ebfn 65 W\"}', 100, 1990000, 0, NULL, 0, 1, 0, 0, 0, '2025-12-09 19:39:38', '2025-12-09 19:42:58'),
(135, 1, 19, 'dien-thoai/xiaomi-redmi-9c-231020-041051-400x400.jpg', 'Xiaomi Redmi 9C (2GB/32GB)', 'xiaomi-redmi-9c', NULL, '{\"man_hinh\":\"AMOLED ho\\u1eb7c IPS LCD, 6.4\\\" \\u0111\\u1ebfn 6.5\\\", Full HD+\",\"he_dieu_hanh\":\"Android 10 ho\\u1eb7c 11, ColorOS\\/Funtouch OS\\/Realme UI\\/MIUI\",\"camera_sau\":\"Ch\\u00ednh 48 MP ho\\u1eb7c 64 MP & Ph\\u1ee5 8 MP, 2 MP, 2 MP\",\"camera_truoc\":\"16 MP ho\\u1eb7c 32 MP\",\"chip\":\"Snapdragon 720G \\/ Helio G90T \\/ Dimensity series\",\"ram\":\"4 GB \\u0111\\u1ebfn 8 GB\",\"dung_luong_luu_tru\":\"(2GB\\/32GB)\",\"sim\":\"2 Nano SIM, H\\u1ed7 tr\\u1ee3 4G\\/5G t\\u00f9y model\",\"pin_sac\":\"4000 mAh \\u0111\\u1ebfn 5000 mAh, S\\u1ea1c nhanh 30 W \\u0111\\u1ebfn 65 W\"}', 100, 2490000, 0, NULL, 0, 1, 0, 0, 0, '2025-12-09 19:39:38', '2025-12-09 19:42:58'),
(136, 1, 19, 'dien-thoai/xiaomi-redmi-9c-3gb-234920-034900-400x400.jpg', 'Xiaomi Redmi 9C (3GB/64GB)', 'xiaomi-redmi-9c-3gb', NULL, '{\"man_hinh\":\"AMOLED ho\\u1eb7c IPS LCD, 6.4\\\" \\u0111\\u1ebfn 6.5\\\", Full HD+\",\"he_dieu_hanh\":\"Android 10 ho\\u1eb7c 11, ColorOS\\/Funtouch OS\\/Realme UI\\/MIUI\",\"camera_sau\":\"Ch\\u00ednh 48 MP ho\\u1eb7c 64 MP & Ph\\u1ee5 8 MP, 2 MP, 2 MP\",\"camera_truoc\":\"16 MP ho\\u1eb7c 32 MP\",\"chip\":\"Snapdragon 720G \\/ Helio G90T \\/ Dimensity series\",\"ram\":\"4 GB \\u0111\\u1ebfn 8 GB\",\"dung_luong_luu_tru\":\"(3GB\\/64GB)\",\"sim\":\"2 Nano SIM, H\\u1ed7 tr\\u1ee3 4G\\/5G t\\u00f9y model\",\"pin_sac\":\"4000 mAh \\u0111\\u1ebfn 5000 mAh, S\\u1ea1c nhanh 30 W \\u0111\\u1ebfn 65 W\"}', 100, 2990000, 0, NULL, 0, 1, 0, 0, 0, '2025-12-09 19:39:38', '2025-12-09 19:42:58'),
(137, 1, 19, 'dien-thoai/xiaomi-redmi-note-7-red-600x600-2-400x400.jpg', 'Xiaomi Redmi Note 7 (4GB/64GB)', 'xiaomi-redmi-note-7', NULL, '{\"man_hinh\":\"AMOLED ho\\u1eb7c IPS LCD, 6.4\\\" \\u0111\\u1ebfn 6.5\\\", Full HD+\",\"he_dieu_hanh\":\"Android 10 ho\\u1eb7c 11, ColorOS\\/Funtouch OS\\/Realme UI\\/MIUI\",\"camera_sau\":\"Ch\\u00ednh 48 MP ho\\u1eb7c 64 MP & Ph\\u1ee5 8 MP, 2 MP, 2 MP\",\"camera_truoc\":\"16 MP ho\\u1eb7c 32 MP\",\"chip\":\"Snapdragon 720G \\/ Helio G90T \\/ Dimensity series\",\"ram\":\"4 GB \\u0111\\u1ebfn 8 GB\",\"dung_luong_luu_tru\":\"(4GB\\/64GB)\",\"sim\":\"2 Nano SIM, H\\u1ed7 tr\\u1ee3 4G\\/5G t\\u00f9y model\",\"pin_sac\":\"4000 mAh \\u0111\\u1ebfn 5000 mAh, S\\u1ea1c nhanh 30 W \\u0111\\u1ebfn 65 W\"}', 100, 3990000, 0, NULL, 0, 1, 0, 0, 0, '2025-12-09 19:39:38', '2025-12-09 19:42:58'),
(138, 1, 19, 'dien-thoai/xiaomi-redmi-note-8-32gb-white-400x400.jpg', 'Xiaomi Redmi Note 8 (3GB/32GB)', 'xiaomi-redmi-note-8-32gb', NULL, '{\"man_hinh\":\"AMOLED ho\\u1eb7c IPS LCD, 6.4\\\" \\u0111\\u1ebfn 6.5\\\", Full HD+\",\"he_dieu_hanh\":\"Android 10 ho\\u1eb7c 11, ColorOS\\/Funtouch OS\\/Realme UI\\/MIUI\",\"camera_sau\":\"Ch\\u00ednh 48 MP ho\\u1eb7c 64 MP & Ph\\u1ee5 8 MP, 2 MP, 2 MP\",\"camera_truoc\":\"16 MP ho\\u1eb7c 32 MP\",\"chip\":\"Snapdragon 720G \\/ Helio G90T \\/ Dimensity series\",\"ram\":\"4 GB \\u0111\\u1ebfn 8 GB\",\"dung_luong_luu_tru\":\"(3GB\\/32GB)\",\"sim\":\"2 Nano SIM, H\\u1ed7 tr\\u1ee3 4G\\/5G t\\u00f9y model\",\"pin_sac\":\"4000 mAh \\u0111\\u1ebfn 5000 mAh, S\\u1ea1c nhanh 30 W \\u0111\\u1ebfn 65 W\"}', 100, 3990000, 0, NULL, 0, 1, 0, 0, 0, '2025-12-09 19:39:38', '2025-12-09 19:42:58'),
(139, 1, 19, 'dien-thoai/xiaomi-redmi-note-8-128gb-black-400x400.jpg', 'Xiaomi Redmi Note 8 (4GB/128GB)', 'xiaomi-redmi-note-8-128gb', NULL, '{\"man_hinh\":\"AMOLED ho\\u1eb7c IPS LCD, 6.4\\\" \\u0111\\u1ebfn 6.5\\\", Full HD+\",\"he_dieu_hanh\":\"Android 10 ho\\u1eb7c 11, ColorOS\\/Funtouch OS\\/Realme UI\\/MIUI\",\"camera_sau\":\"Ch\\u00ednh 48 MP ho\\u1eb7c 64 MP & Ph\\u1ee5 8 MP, 2 MP, 2 MP\",\"camera_truoc\":\"16 MP ho\\u1eb7c 32 MP\",\"chip\":\"Snapdragon 720G \\/ Helio G90T \\/ Dimensity series\",\"ram\":\"4 GB \\u0111\\u1ebfn 8 GB\",\"dung_luong_luu_tru\":\"(4GB\\/128GB)\",\"sim\":\"2 Nano SIM, H\\u1ed7 tr\\u1ee3 4G\\/5G t\\u00f9y model\",\"pin_sac\":\"4000 mAh \\u0111\\u1ebfn 5000 mAh, S\\u1ea1c nhanh 30 W \\u0111\\u1ebfn 65 W\"}', 100, 4790000, 0, NULL, 0, 1, 0, 0, 0, '2025-12-09 19:39:38', '2025-12-09 19:42:58'),
(140, 1, 19, 'dien-thoai/xiaomi-redmi-note-8-white-400x400.jpg', 'Xiaomi Redmi Note 8 (4GB/64GB)', 'xiaomi-redmi-note-8', NULL, '{\"man_hinh\":\"AMOLED ho\\u1eb7c IPS LCD, 6.4\\\" \\u0111\\u1ebfn 6.5\\\", Full HD+\",\"he_dieu_hanh\":\"Android 10 ho\\u1eb7c 11, ColorOS\\/Funtouch OS\\/Realme UI\\/MIUI\",\"camera_sau\":\"Ch\\u00ednh 48 MP ho\\u1eb7c 64 MP & Ph\\u1ee5 8 MP, 2 MP, 2 MP\",\"camera_truoc\":\"16 MP ho\\u1eb7c 32 MP\",\"chip\":\"Snapdragon 720G \\/ Helio G90T \\/ Dimensity series\",\"ram\":\"4 GB \\u0111\\u1ebfn 8 GB\",\"dung_luong_luu_tru\":\"(4GB\\/64GB)\",\"sim\":\"2 Nano SIM, H\\u1ed7 tr\\u1ee3 4G\\/5G t\\u00f9y model\",\"pin_sac\":\"4000 mAh \\u0111\\u1ebfn 5000 mAh, S\\u1ea1c nhanh 30 W \\u0111\\u1ebfn 65 W\"}', 100, 4490000, 0, NULL, 0, 1, 0, 0, 0, '2025-12-09 19:39:38', '2025-12-09 19:42:58'),
(141, 1, 19, 'dien-thoai/xiaomi-redmi-note-8-pro-6gb-128gb-white-400x400.jpg', 'Xiaomi Redmi Note 8 Pro (6GB/128GB)', 'xiaomi-redmi-note-8-pro-6gb-128gb', NULL, '{\"man_hinh\":\"AMOLED ho\\u1eb7c IPS LCD, 6.4\\\" \\u0111\\u1ebfn 6.5\\\", Full HD+\",\"he_dieu_hanh\":\"Android 10 ho\\u1eb7c 11, ColorOS\\/Funtouch OS\\/Realme UI\\/MIUI\",\"camera_sau\":\"Ch\\u00ednh 48 MP ho\\u1eb7c 64 MP & Ph\\u1ee5 8 MP, 2 MP, 2 MP\",\"camera_truoc\":\"16 MP ho\\u1eb7c 32 MP\",\"chip\":\"Snapdragon 720G \\/ Helio G90T \\/ Dimensity series\",\"ram\":\"4 GB \\u0111\\u1ebfn 8 GB\",\"dung_luong_luu_tru\":\"(6GB\\/128GB)\",\"sim\":\"2 Nano SIM, H\\u1ed7 tr\\u1ee3 4G\\/5G t\\u00f9y model\",\"pin_sac\":\"4000 mAh \\u0111\\u1ebfn 5000 mAh, S\\u1ea1c nhanh 30 W \\u0111\\u1ebfn 65 W\"}', 100, 5990000, 0, NULL, 0, 1, 0, 0, 0, '2025-12-09 19:39:38', '2025-12-09 19:42:58'),
(142, 1, 19, 'dien-thoai/xiaomi-redmi-note-9-4.jpg', 'Xiaomi Redmi Note 9', 'xiaomi-redmi-note-9', NULL, '{\"man_hinh\":\"AMOLED ho\\u1eb7c IPS LCD, 6.4\\\" \\u0111\\u1ebfn 6.5\\\", Full HD+\",\"he_dieu_hanh\":\"Android 10 ho\\u1eb7c 11, ColorOS\\/Funtouch OS\\/Realme UI\\/MIUI\",\"camera_sau\":\"Ch\\u00ednh 48 MP ho\\u1eb7c 64 MP & Ph\\u1ee5 8 MP, 2 MP, 2 MP\",\"camera_truoc\":\"16 MP ho\\u1eb7c 32 MP\",\"chip\":\"Snapdragon 720G \\/ Helio G90T \\/ Dimensity series\",\"ram\":\"4 GB \\u0111\\u1ebfn 8 GB\",\"dung_luong_luu_tru\":\"9\",\"sim\":\"2 Nano SIM, H\\u1ed7 tr\\u1ee3 4G\\/5G t\\u00f9y model\",\"pin_sac\":\"4000 mAh \\u0111\\u1ebfn 5000 mAh, S\\u1ea1c nhanh 30 W \\u0111\\u1ebfn 65 W\"}', 100, 4790000, 0, NULL, 0, 1, 0, 0, 0, '2025-12-09 19:39:38', '2025-12-09 19:42:58'),
(143, 1, 19, 'dien-thoai/xiaomi-redmi-note-9-pro-128gb-white-600x600-400x400.jpg', 'Xiaomi Redmi Note 9 Pro (6GB/128GB)', 'xiaomi-redmi-note-9-pro-128gb', NULL, '{\"man_hinh\":\"AMOLED ho\\u1eb7c IPS LCD, 6.4\\\" \\u0111\\u1ebfn 6.5\\\", Full HD+\",\"he_dieu_hanh\":\"Android 10 ho\\u1eb7c 11, ColorOS\\/Funtouch OS\\/Realme UI\\/MIUI\",\"camera_sau\":\"Ch\\u00ednh 48 MP ho\\u1eb7c 64 MP & Ph\\u1ee5 8 MP, 2 MP, 2 MP\",\"camera_truoc\":\"16 MP ho\\u1eb7c 32 MP\",\"chip\":\"Snapdragon 720G \\/ Helio G90T \\/ Dimensity series\",\"ram\":\"4 GB \\u0111\\u1ebfn 8 GB\",\"dung_luong_luu_tru\":\"(6GB\\/128GB)\",\"sim\":\"2 Nano SIM, H\\u1ed7 tr\\u1ee3 4G\\/5G t\\u00f9y model\",\"pin_sac\":\"4000 mAh \\u0111\\u1ebfn 5000 mAh, S\\u1ea1c nhanh 30 W \\u0111\\u1ebfn 65 W\"}', 100, 6990000, 0, NULL, 0, 1, 0, 0, 0, '2025-12-09 19:39:38', '2025-12-09 19:42:58'),
(144, 1, 19, 'dien-thoai/xiaomi-redmi-note-9-pro-gray-600x600-400x400.jpg', 'Xiaomi Redmi Note 9 Pro (6GB/64GB)', 'xiaomi-redmi-note-9-pro', NULL, '{\"man_hinh\":\"AMOLED ho\\u1eb7c IPS LCD, 6.4\\\" \\u0111\\u1ebfn 6.5\\\", Full HD+\",\"he_dieu_hanh\":\"Android 10 ho\\u1eb7c 11, ColorOS\\/Funtouch OS\\/Realme UI\\/MIUI\",\"camera_sau\":\"Ch\\u00ednh 48 MP ho\\u1eb7c 64 MP & Ph\\u1ee5 8 MP, 2 MP, 2 MP\",\"camera_truoc\":\"16 MP ho\\u1eb7c 32 MP\",\"chip\":\"Snapdragon 720G \\/ Helio G90T \\/ Dimensity series\",\"ram\":\"4 GB \\u0111\\u1ebfn 8 GB\",\"dung_luong_luu_tru\":\"(6GB\\/64GB)\",\"sim\":\"2 Nano SIM, H\\u1ed7 tr\\u1ee3 4G\\/5G t\\u00f9y model\",\"pin_sac\":\"4000 mAh \\u0111\\u1ebfn 5000 mAh, S\\u1ea1c nhanh 30 W \\u0111\\u1ebfn 65 W\"}', 100, 6490000, 0, NULL, 0, 1, 0, 0, 0, '2025-12-09 19:39:38', '2025-12-09 19:42:58'),
(145, 1, 19, 'dien-thoai/xiaomi-redmi-note-9s-xanh-new-600x600-400x400.jpg', 'Xiaomi Redmi Note 9S', 'xiaomi-redmi-note-9s', NULL, '{\"man_hinh\":\"AMOLED ho\\u1eb7c IPS LCD, 6.4\\\" \\u0111\\u1ebfn 6.5\\\", Full HD+\",\"he_dieu_hanh\":\"Android 10 ho\\u1eb7c 11, ColorOS\\/Funtouch OS\\/Realme UI\\/MIUI\",\"camera_sau\":\"Ch\\u00ednh 48 MP ho\\u1eb7c 64 MP & Ph\\u1ee5 8 MP, 2 MP, 2 MP\",\"camera_truoc\":\"16 MP ho\\u1eb7c 32 MP\",\"chip\":\"Snapdragon 720G \\/ Helio G90T \\/ Dimensity series\",\"ram\":\"4 GB \\u0111\\u1ebfn 8 GB\",\"dung_luong_luu_tru\":\"9S\",\"sim\":\"2 Nano SIM, H\\u1ed7 tr\\u1ee3 4G\\/5G t\\u00f9y model\",\"pin_sac\":\"4000 mAh \\u0111\\u1ebfn 5000 mAh, S\\u1ea1c nhanh 30 W \\u0111\\u1ebfn 65 W\"}', 100, 5990000, 0, NULL, 0, 1, 0, 0, 0, '2025-12-09 19:39:38', '2025-12-09 19:42:58'),
(146, 2, 6, 'may-tinh-bang/huawei-mediapad-m5-lite-gray-400x400.jpg', 'Huawei MediaPad M5 Lite', 'huawei-mediapad-m5-lite', NULL, '{\"man_hinh\":\"IPS LCD, 8\\\" \\u0111\\u1ebfn 10\\\", HD+ ho\\u1eb7c Full HD\",\"he_dieu_hanh\":\"Android 9 ho\\u1eb7c 10\",\"camera_sau\":\"5 MP \\u0111\\u1ebfn 8 MP\",\"camera_truoc\":\"2 MP \\u0111\\u1ebfn 5 MP\",\"chip\":\"MediaTek ho\\u1eb7c Kirin\",\"ram\":\"2 GB \\u0111\\u1ebfn 4 GB\",\"dung_luong_luu_tru\":\"16 GB \\u0111\\u1ebfn 64 GB\",\"ket_noi\":\"WiFi ho\\u1eb7c 4G\",\"pin_sac\":\"4000 mAh \\u0111\\u1ebfn 6000 mAh\"}', 100, 7990000, 10, 7191000, 0, 1, 0, 0, 0, '2025-12-09 19:39:38', '2025-12-09 19:42:58'),
(147, 2, 6, 'may-tinh-bang/huawei-mediapad-t3-10-1-33397-thumb-400x400.jpg', 'Huawei MediaPad T3 10 (2017)', 'huawei-mediapad-t3-10', NULL, '{\"man_hinh\":\"IPS LCD, 8\\\" \\u0111\\u1ebfn 10\\\", HD+ ho\\u1eb7c Full HD\",\"he_dieu_hanh\":\"Android 9 ho\\u1eb7c 10\",\"camera_sau\":\"5 MP \\u0111\\u1ebfn 8 MP\",\"camera_truoc\":\"2 MP \\u0111\\u1ebfn 5 MP\",\"chip\":\"MediaTek ho\\u1eb7c Kirin\",\"ram\":\"2 GB \\u0111\\u1ebfn 4 GB\",\"dung_luong_luu_tru\":\"16 GB \\u0111\\u1ebfn 64 GB\",\"ket_noi\":\"WiFi ho\\u1eb7c 4G\",\"pin_sac\":\"4000 mAh \\u0111\\u1ebfn 6000 mAh\"}', 100, 3740000, 23, 2879800, 0, 1, 0, 0, 0, '2025-12-09 19:39:38', '2025-12-09 19:42:58'),
(148, 2, 6, 'may-tinh-bang/huawei-mediapad-t3-80-gold-400x400.jpg', 'Huawei MediaPad T3 8.0 (2017)', 'huawei-mediapad-t3-80', NULL, '{\"man_hinh\":\"IPS LCD, 8\\\" \\u0111\\u1ebfn 10\\\", HD+ ho\\u1eb7c Full HD\",\"he_dieu_hanh\":\"Android 9 ho\\u1eb7c 10\",\"camera_sau\":\"5 MP \\u0111\\u1ebfn 8 MP\",\"camera_truoc\":\"2 MP \\u0111\\u1ebfn 5 MP\",\"chip\":\"MediaTek ho\\u1eb7c Kirin\",\"ram\":\"2 GB \\u0111\\u1ebfn 4 GB\",\"dung_luong_luu_tru\":\"16 GB \\u0111\\u1ebfn 64 GB\",\"ket_noi\":\"WiFi ho\\u1eb7c 4G\",\"pin_sac\":\"4000 mAh \\u0111\\u1ebfn 6000 mAh\"}', 100, 3290000, 33, 2204300, 0, 1, 0, 0, 0, '2025-12-09 19:39:38', '2025-12-09 19:42:58'),
(149, 2, 6, 'may-tinh-bang/huawei-mediapad-t5-33397-thumb123-400x400.jpg', 'Huawei Mediapad T5 10.1 inch (3GB/32GB)', 'huawei-mediapad-t5', NULL, '{\"man_hinh\":\"IPS LCD, 8\\\" \\u0111\\u1ebfn 10\\\", HD+ ho\\u1eb7c Full HD\",\"he_dieu_hanh\":\"Android 9 ho\\u1eb7c 10\",\"camera_sau\":\"5 MP \\u0111\\u1ebfn 8 MP\",\"camera_truoc\":\"2 MP \\u0111\\u1ebfn 5 MP\",\"chip\":\"MediaTek ho\\u1eb7c Kirin\",\"ram\":\"2 GB \\u0111\\u1ebfn 4 GB\",\"dung_luong_luu_tru\":\"16 GB \\u0111\\u1ebfn 64 GB\",\"ket_noi\":\"WiFi ho\\u1eb7c 4G\",\"pin_sac\":\"4000 mAh \\u0111\\u1ebfn 6000 mAh\"}', 100, 4990000, 12, 4391200, 0, 1, 0, 0, 0, '2025-12-09 19:39:38', '2025-12-09 19:42:58'),
(150, 2, 2, 'may-tinh-bang/ipad-10-2-inch-wifi-128gb-2019-silver-400x400.jpg', 'iPad 10.2 inch Wifi 128GB (2019)', 'ipad-10-2-inch-wifi-128gb-2019', NULL, '{\"man_hinh\":\"IPS LCD ho\\u1eb7c OLED, 10.2\\\" \\u0111\\u1ebfn 12.9\\\", Retina ho\\u1eb7c Liquid Retina\",\"he_dieu_hanh\":\"iPadOS 14 ho\\u1eb7c m\\u1edbi h\\u01a1n\",\"camera_sau\":\"12 MP (\\u0111\\u01a1n ho\\u1eb7c k\\u00e9p v\\u1edbi LiDAR)\",\"camera_truoc\":\"7 MP ho\\u1eb7c 12 MP\",\"chip\":\"Apple A12 Bionic \\u0111\\u1ebfn A14 Bionic\",\"ram\":\"3 GB \\u0111\\u1ebfn 6 GB\",\"dung_luong_luu_tru\":\"64 GB \\u0111\\u1ebfn 256 GB\",\"ket_noi\":\"WiFi ho\\u1eb7c WiFi + Cellular, H\\u1ed7 tr\\u1ee3 Apple Pencil\",\"pin_sac\":\"7000 mAh \\u0111\\u1ebfn 10000 mAh, S\\u1ea1c nhanh 18 W\"}', 100, 11490000, 11, 10226100, 0, 1, 0, 0, 0, '2025-12-09 19:39:38', '2025-12-09 19:42:58'),
(151, 2, 2, 'may-tinh-bang/ipad-10-2-inch-wifi-32gb-2019-gold-400x400.jpg', 'iPad 10.2 inch Wifi 32GB (2019)', 'ipad-10-2-inch-wifi-32gb-2019', NULL, '{\"man_hinh\":\"IPS LCD ho\\u1eb7c OLED, 10.2\\\" \\u0111\\u1ebfn 12.9\\\", Retina ho\\u1eb7c Liquid Retina\",\"he_dieu_hanh\":\"iPadOS 14 ho\\u1eb7c m\\u1edbi h\\u01a1n\",\"camera_sau\":\"12 MP (\\u0111\\u01a1n ho\\u1eb7c k\\u00e9p v\\u1edbi LiDAR)\",\"camera_truoc\":\"7 MP ho\\u1eb7c 12 MP\",\"chip\":\"Apple A12 Bionic \\u0111\\u1ebfn A14 Bionic\",\"ram\":\"3 GB \\u0111\\u1ebfn 6 GB\",\"dung_luong_luu_tru\":\"64 GB \\u0111\\u1ebfn 256 GB\",\"ket_noi\":\"WiFi ho\\u1eb7c WiFi + Cellular, H\\u1ed7 tr\\u1ee3 Apple Pencil\",\"pin_sac\":\"7000 mAh \\u0111\\u1ebfn 10000 mAh, S\\u1ea1c nhanh 18 W\"}', 100, 9490000, 23, 7307300, 0, 1, 0, 0, 0, '2025-12-09 19:39:38', '2025-12-09 19:42:58'),
(152, 2, 2, 'may-tinh-bang/ipad-8-wifi-128gb-2020-184420-064445-400x400.jpg', 'iPad 8 Wifi 128GB (2020)', 'ipad-8-wifi-128gb-2020', NULL, '{\"man_hinh\":\"IPS LCD ho\\u1eb7c OLED, 10.2\\\" \\u0111\\u1ebfn 12.9\\\", Retina ho\\u1eb7c Liquid Retina\",\"he_dieu_hanh\":\"iPadOS 14 ho\\u1eb7c m\\u1edbi h\\u01a1n\",\"camera_sau\":\"12 MP (\\u0111\\u01a1n ho\\u1eb7c k\\u00e9p v\\u1edbi LiDAR)\",\"camera_truoc\":\"7 MP ho\\u1eb7c 12 MP\",\"chip\":\"Apple A12 Bionic \\u0111\\u1ebfn A14 Bionic\",\"ram\":\"3 GB \\u0111\\u1ebfn 6 GB\",\"dung_luong_luu_tru\":\"64 GB \\u0111\\u1ebfn 256 GB\",\"ket_noi\":\"WiFi ho\\u1eb7c WiFi + Cellular, H\\u1ed7 tr\\u1ee3 Apple Pencil\",\"pin_sac\":\"7000 mAh \\u0111\\u1ebfn 10000 mAh, S\\u1ea1c nhanh 18 W\"}', 100, 11990000, 6, 11270600, 0, 1, 0, 0, 0, '2025-12-09 19:39:38', '2025-12-09 19:42:58'),
(153, 2, 2, 'may-tinh-bang/ipad-8-wifi-32gb-2020-ft-fix.jpg', 'iPad 8 Wifi 32GB (2020)', 'ipad-8-wifi-32gb', NULL, '{\"man_hinh\":\"IPS LCD ho\\u1eb7c OLED, 10.2\\\" \\u0111\\u1ebfn 12.9\\\", Retina ho\\u1eb7c Liquid Retina\",\"he_dieu_hanh\":\"iPadOS 14 ho\\u1eb7c m\\u1edbi h\\u01a1n\",\"camera_sau\":\"12 MP (\\u0111\\u01a1n ho\\u1eb7c k\\u00e9p v\\u1edbi LiDAR)\",\"camera_truoc\":\"7 MP ho\\u1eb7c 12 MP\",\"chip\":\"Apple A12 Bionic \\u0111\\u1ebfn A14 Bionic\",\"ram\":\"3 GB \\u0111\\u1ebfn 6 GB\",\"dung_luong_luu_tru\":\"64 GB \\u0111\\u1ebfn 256 GB\",\"ket_noi\":\"WiFi ho\\u1eb7c WiFi + Cellular, H\\u1ed7 tr\\u1ee3 Apple Pencil\",\"pin_sac\":\"7000 mAh \\u0111\\u1ebfn 10000 mAh, S\\u1ea1c nhanh 18 W\"}', 100, 9990000, 3, 9690300, 0, 1, 0, 0, 0, '2025-12-09 19:39:38', '2025-12-09 19:42:58'),
(154, 2, 2, 'may-tinh-bang/ipad-8-wifi-cellular-128gb-2020-bac-400-400x400.png', 'iPad 8 Wifi Cellular 128GB (2020)', 'ipad-8-wifi-cellular-128gb-2020', NULL, '{\"man_hinh\":\"IPS LCD ho\\u1eb7c OLED, 10.2\\\" \\u0111\\u1ebfn 12.9\\\", Retina ho\\u1eb7c Liquid Retina\",\"he_dieu_hanh\":\"iPadOS 14 ho\\u1eb7c m\\u1edbi h\\u01a1n\",\"camera_sau\":\"12 MP (\\u0111\\u01a1n ho\\u1eb7c k\\u00e9p v\\u1edbi LiDAR)\",\"camera_truoc\":\"7 MP ho\\u1eb7c 12 MP\",\"chip\":\"Apple A12 Bionic \\u0111\\u1ebfn A14 Bionic\",\"ram\":\"3 GB \\u0111\\u1ebfn 6 GB\",\"dung_luong_luu_tru\":\"64 GB \\u0111\\u1ebfn 256 GB\",\"ket_noi\":\"WiFi ho\\u1eb7c WiFi + Cellular, H\\u1ed7 tr\\u1ee3 Apple Pencil\",\"pin_sac\":\"7000 mAh \\u0111\\u1ebfn 10000 mAh, S\\u1ea1c nhanh 18 W\"}', 100, 15990000, 9, 14550900, 0, 1, 0, 0, 0, '2025-12-09 19:39:38', '2025-12-09 19:42:58'),
(155, 2, 2, 'may-tinh-bang/ipad-8-wifi-cellular-32gb-2020-vangdong-600-1-400x400.jpg', 'iPad 8 Wifi Cellular 32GB (2020)', 'ipad-8-wifi-cellular-32gb-2020', NULL, '{\"man_hinh\":\"IPS LCD ho\\u1eb7c OLED, 10.2\\\" \\u0111\\u1ebfn 12.9\\\", Retina ho\\u1eb7c Liquid Retina\",\"he_dieu_hanh\":\"iPadOS 14 ho\\u1eb7c m\\u1edbi h\\u01a1n\",\"camera_sau\":\"12 MP (\\u0111\\u01a1n ho\\u1eb7c k\\u00e9p v\\u1edbi LiDAR)\",\"camera_truoc\":\"7 MP ho\\u1eb7c 12 MP\",\"chip\":\"Apple A12 Bionic \\u0111\\u1ebfn A14 Bionic\",\"ram\":\"3 GB \\u0111\\u1ebfn 6 GB\",\"dung_luong_luu_tru\":\"64 GB \\u0111\\u1ebfn 256 GB\",\"ket_noi\":\"WiFi ho\\u1eb7c WiFi + Cellular, H\\u1ed7 tr\\u1ee3 Apple Pencil\",\"pin_sac\":\"7000 mAh \\u0111\\u1ebfn 10000 mAh, S\\u1ea1c nhanh 18 W\"}', 100, 13990000, 0, NULL, 0, 1, 0, 0, 0, '2025-12-09 19:39:38', '2025-12-09 19:42:58'),
(156, 2, 2, 'may-tinh-bang/ipad-air-4-wifi-256gb-2020-183620-063600-400x400.jpg', 'iPad Air 4 Wifi 256GB (2020)', 'ipad-air-4-wifi-256gb-2020', NULL, '{\"man_hinh\":\"IPS LCD ho\\u1eb7c OLED, 10.2\\\" \\u0111\\u1ebfn 12.9\\\", Retina ho\\u1eb7c Liquid Retina\",\"he_dieu_hanh\":\"iPadOS 14 ho\\u1eb7c m\\u1edbi h\\u01a1n\",\"camera_sau\":\"12 MP (\\u0111\\u01a1n ho\\u1eb7c k\\u00e9p v\\u1edbi LiDAR)\",\"camera_truoc\":\"7 MP ho\\u1eb7c 12 MP\",\"chip\":\"Apple A12 Bionic \\u0111\\u1ebfn A14 Bionic\",\"ram\":\"3 GB \\u0111\\u1ebfn 6 GB\",\"dung_luong_luu_tru\":\"64 GB \\u0111\\u1ebfn 256 GB\",\"ket_noi\":\"WiFi ho\\u1eb7c WiFi + Cellular, H\\u1ed7 tr\\u1ee3 Apple Pencil\",\"pin_sac\":\"7000 mAh \\u0111\\u1ebfn 10000 mAh, S\\u1ea1c nhanh 18 W\"}', 100, 21490000, 0, NULL, 0, 1, 0, 0, 0, '2025-12-09 19:39:38', '2025-12-09 19:42:58'),
(157, 2, 2, 'may-tinh-bang/ipad-air-4-2020-161220-111252-400x400.jpg', 'iPad Air 4 Wifi 64GB (2020)', 'ipad-air-4-wifi-64gb-2020', NULL, '{\"man_hinh\":\"IPS LCD ho\\u1eb7c OLED, 10.2\\\" \\u0111\\u1ebfn 12.9\\\", Retina ho\\u1eb7c Liquid Retina\",\"he_dieu_hanh\":\"iPadOS 14 ho\\u1eb7c m\\u1edbi h\\u01a1n\",\"camera_sau\":\"12 MP (\\u0111\\u01a1n ho\\u1eb7c k\\u00e9p v\\u1edbi LiDAR)\",\"camera_truoc\":\"7 MP ho\\u1eb7c 12 MP\",\"chip\":\"Apple A12 Bionic \\u0111\\u1ebfn A14 Bionic\",\"ram\":\"3 GB \\u0111\\u1ebfn 6 GB\",\"dung_luong_luu_tru\":\"64 GB \\u0111\\u1ebfn 256 GB\",\"ket_noi\":\"WiFi ho\\u1eb7c WiFi + Cellular, H\\u1ed7 tr\\u1ee3 Apple Pencil\",\"pin_sac\":\"7000 mAh \\u0111\\u1ebfn 10000 mAh, S\\u1ea1c nhanh 18 W\"}', 100, 16990000, 0, NULL, 0, 1, 0, 0, 0, '2025-12-09 19:39:38', '2025-12-09 19:42:58'),
(158, 2, 2, 'may-tinh-bang/ipad-air-4-wifi-cellular-256gb-2020-183220-063249-400x400.jpg', 'iPad Air 4 Wifi Cellular 256GB (2020)', 'ipad-air-4-wifi-cellular-256gb-2020', NULL, '{\"man_hinh\":\"IPS LCD ho\\u1eb7c OLED, 10.2\\\" \\u0111\\u1ebfn 12.9\\\", Retina ho\\u1eb7c Liquid Retina\",\"he_dieu_hanh\":\"iPadOS 14 ho\\u1eb7c m\\u1edbi h\\u01a1n\",\"camera_sau\":\"12 MP (\\u0111\\u01a1n ho\\u1eb7c k\\u00e9p v\\u1edbi LiDAR)\",\"camera_truoc\":\"7 MP ho\\u1eb7c 12 MP\",\"chip\":\"Apple A12 Bionic \\u0111\\u1ebfn A14 Bionic\",\"ram\":\"3 GB \\u0111\\u1ebfn 6 GB\",\"dung_luong_luu_tru\":\"64 GB \\u0111\\u1ebfn 256 GB\",\"ket_noi\":\"WiFi ho\\u1eb7c WiFi + Cellular, H\\u1ed7 tr\\u1ee3 Apple Pencil\",\"pin_sac\":\"7000 mAh \\u0111\\u1ebfn 10000 mAh, S\\u1ea1c nhanh 18 W\"}', 100, 24990000, 0, NULL, 0, 1, 0, 0, 0, '2025-12-09 19:39:38', '2025-12-09 19:42:58'),
(159, 2, 2, 'may-tinh-bang/ipad-air-4-wifi-cellular-64gb-2020-183520-063524-400x400.jpg', 'iPad Air 4 Wifi Cellular 64GB (2020)', 'ipad-air-4-wifi-cellular-64gb-2020', NULL, '{\"man_hinh\":\"IPS LCD ho\\u1eb7c OLED, 10.2\\\" \\u0111\\u1ebfn 12.9\\\", Retina ho\\u1eb7c Liquid Retina\",\"he_dieu_hanh\":\"iPadOS 14 ho\\u1eb7c m\\u1edbi h\\u01a1n\",\"camera_sau\":\"12 MP (\\u0111\\u01a1n ho\\u1eb7c k\\u00e9p v\\u1edbi LiDAR)\",\"camera_truoc\":\"7 MP ho\\u1eb7c 12 MP\",\"chip\":\"Apple A12 Bionic \\u0111\\u1ebfn A14 Bionic\",\"ram\":\"3 GB \\u0111\\u1ebfn 6 GB\",\"dung_luong_luu_tru\":\"64 GB \\u0111\\u1ebfn 256 GB\",\"ket_noi\":\"WiFi ho\\u1eb7c WiFi + Cellular, H\\u1ed7 tr\\u1ee3 Apple Pencil\",\"pin_sac\":\"7000 mAh \\u0111\\u1ebfn 10000 mAh, S\\u1ea1c nhanh 18 W\"}', 100, 20990000, 0, NULL, 0, 1, 0, 0, 0, '2025-12-09 19:39:38', '2025-12-09 19:42:58'),
(160, 2, 2, 'may-tinh-bang/ipad-mini-79-inch-wifi-2019-gold-400x400.jpg', 'iPad Mini 7.9 inch Wifi 64GB (2019)', 'ipad-mini-79-inch-wifi-2019', NULL, '{\"man_hinh\":\"IPS LCD ho\\u1eb7c OLED, 10.2\\\" \\u0111\\u1ebfn 12.9\\\", Retina ho\\u1eb7c Liquid Retina\",\"he_dieu_hanh\":\"iPadOS 14 ho\\u1eb7c m\\u1edbi h\\u01a1n\",\"camera_sau\":\"12 MP (\\u0111\\u01a1n ho\\u1eb7c k\\u00e9p v\\u1edbi LiDAR)\",\"camera_truoc\":\"7 MP ho\\u1eb7c 12 MP\",\"chip\":\"Apple A12 Bionic \\u0111\\u1ebfn A14 Bionic\",\"ram\":\"3 GB \\u0111\\u1ebfn 6 GB\",\"dung_luong_luu_tru\":\"64 GB \\u0111\\u1ebfn 256 GB\",\"ket_noi\":\"WiFi ho\\u1eb7c WiFi + Cellular, H\\u1ed7 tr\\u1ee3 Apple Pencil\",\"pin_sac\":\"7000 mAh \\u0111\\u1ebfn 10000 mAh, S\\u1ea1c nhanh 18 W\"}', 100, 9990000, 0, NULL, 0, 1, 0, 0, 0, '2025-12-09 19:39:38', '2025-12-09 19:42:58'),
(161, 2, 2, 'may-tinh-bang/ipad-mini-79-inch-wifi-cellular-64gb-2019-gold-400x400.jpg', 'iPad Mini 7.9 inch Wifi Cellular 64GB (2019)', 'ipad-mini-79-inch-wifi-cellular-64gb-2019', NULL, '{\"man_hinh\":\"IPS LCD ho\\u1eb7c OLED, 10.2\\\" \\u0111\\u1ebfn 12.9\\\", Retina ho\\u1eb7c Liquid Retina\",\"he_dieu_hanh\":\"iPadOS 14 ho\\u1eb7c m\\u1edbi h\\u01a1n\",\"camera_sau\":\"12 MP (\\u0111\\u01a1n ho\\u1eb7c k\\u00e9p v\\u1edbi LiDAR)\",\"camera_truoc\":\"7 MP ho\\u1eb7c 12 MP\",\"chip\":\"Apple A12 Bionic \\u0111\\u1ebfn A14 Bionic\",\"ram\":\"3 GB \\u0111\\u1ebfn 6 GB\",\"dung_luong_luu_tru\":\"64 GB \\u0111\\u1ebfn 256 GB\",\"ket_noi\":\"WiFi ho\\u1eb7c WiFi + Cellular, H\\u1ed7 tr\\u1ee3 Apple Pencil\",\"pin_sac\":\"7000 mAh \\u0111\\u1ebfn 10000 mAh, S\\u1ea1c nhanh 18 W\"}', 100, 13990000, 0, NULL, 0, 1, 0, 0, 0, '2025-12-09 19:39:38', '2025-12-09 19:42:58'),
(162, 2, 2, 'may-tinh-bang/ipad-pro-11-inch-2020-xam-600x600-fix-400x400.jpg', 'iPad Pro 11 inch Wifi 128GB (2020)', 'ipad-pro-11-inch-2020', NULL, '{\"man_hinh\":\"IPS LCD ho\\u1eb7c OLED, 10.2\\\" \\u0111\\u1ebfn 12.9\\\", Retina ho\\u1eb7c Liquid Retina\",\"he_dieu_hanh\":\"iPadOS 14 ho\\u1eb7c m\\u1edbi h\\u01a1n\",\"camera_sau\":\"12 MP (\\u0111\\u01a1n ho\\u1eb7c k\\u00e9p v\\u1edbi LiDAR)\",\"camera_truoc\":\"7 MP ho\\u1eb7c 12 MP\",\"chip\":\"Apple M1\",\"ram\":\"8 GB \\u0111\\u1ebfn 16 GB\",\"dung_luong_luu_tru\":\"64 GB \\u0111\\u1ebfn 256 GB\",\"ket_noi\":\"WiFi ho\\u1eb7c WiFi + Cellular, H\\u1ed7 tr\\u1ee3 Apple Pencil\",\"pin_sac\":\"7000 mAh \\u0111\\u1ebfn 10000 mAh, S\\u1ea1c nhanh 18 W\"}', 100, 21490000, 0, NULL, 0, 1, 0, 0, 0, '2025-12-09 19:39:38', '2025-12-09 19:42:58'),
(163, 2, 2, 'may-tinh-bang/ipad-pro-11-inch-wifi-cellular-128gb-2020-600x600-400x400.jpg', 'iPad Pro 11 inch Wifi Cellular 128GB (2020)', 'ipad-pro-11-inch-wifi-cellular-128gb-2020', NULL, '{\"man_hinh\":\"IPS LCD ho\\u1eb7c OLED, 10.2\\\" \\u0111\\u1ebfn 12.9\\\", Retina ho\\u1eb7c Liquid Retina\",\"he_dieu_hanh\":\"iPadOS 14 ho\\u1eb7c m\\u1edbi h\\u01a1n\",\"camera_sau\":\"12 MP (\\u0111\\u01a1n ho\\u1eb7c k\\u00e9p v\\u1edbi LiDAR)\",\"camera_truoc\":\"7 MP ho\\u1eb7c 12 MP\",\"chip\":\"Apple M1\",\"ram\":\"8 GB \\u0111\\u1ebfn 16 GB\",\"dung_luong_luu_tru\":\"64 GB \\u0111\\u1ebfn 256 GB\",\"ket_noi\":\"WiFi ho\\u1eb7c WiFi + Cellular, H\\u1ed7 tr\\u1ee3 Apple Pencil\",\"pin_sac\":\"7000 mAh \\u0111\\u1ebfn 10000 mAh, S\\u1ea1c nhanh 18 W\"}', 100, 25490000, 0, NULL, 0, 1, 0, 0, 0, '2025-12-09 19:39:38', '2025-12-09 19:42:58'),
(164, 2, 2, 'may-tinh-bang/ipad-pro-12-9-inch-wifi-128gb-2020-bac-600x600-400x400.jpg', 'iPad Pro 12.9 inch Wifi 128GB (2020)', 'ipad-pro-12-9-inch-wifi-128gb-2020', NULL, '{\"man_hinh\":\"IPS LCD ho\\u1eb7c OLED, 10.2\\\" \\u0111\\u1ebfn 12.9\\\", Retina ho\\u1eb7c Liquid Retina\",\"he_dieu_hanh\":\"iPadOS 14 ho\\u1eb7c m\\u1edbi h\\u01a1n\",\"camera_sau\":\"12 MP (\\u0111\\u01a1n ho\\u1eb7c k\\u00e9p v\\u1edbi LiDAR)\",\"camera_truoc\":\"7 MP ho\\u1eb7c 12 MP\",\"chip\":\"Apple M1\",\"ram\":\"8 GB \\u0111\\u1ebfn 16 GB\",\"dung_luong_luu_tru\":\"64 GB \\u0111\\u1ebfn 256 GB\",\"ket_noi\":\"WiFi ho\\u1eb7c WiFi + Cellular, H\\u1ed7 tr\\u1ee3 Apple Pencil\",\"pin_sac\":\"7000 mAh \\u0111\\u1ebfn 10000 mAh, S\\u1ea1c nhanh 18 W\"}', 100, 27490000, 0, NULL, 0, 1, 0, 0, 0, '2025-12-09 19:39:38', '2025-12-09 19:42:58'),
(165, 2, 2, 'may-tinh-bang/ipad-pro-12-9-inch-wifi-cellular-128gb-2020-xam-600x600-400x400.jpg', 'iPad Pro 12.9 inch Wifi Cellular 128GB (2020)', 'ipad-pro-12-9-inch-wifi-cellular-128gb-2020', NULL, '{\"man_hinh\":\"IPS LCD ho\\u1eb7c OLED, 10.2\\\" \\u0111\\u1ebfn 12.9\\\", Retina ho\\u1eb7c Liquid Retina\",\"he_dieu_hanh\":\"iPadOS 14 ho\\u1eb7c m\\u1edbi h\\u01a1n\",\"camera_sau\":\"12 MP (\\u0111\\u01a1n ho\\u1eb7c k\\u00e9p v\\u1edbi LiDAR)\",\"camera_truoc\":\"7 MP ho\\u1eb7c 12 MP\",\"chip\":\"Apple M1\",\"ram\":\"8 GB \\u0111\\u1ebfn 16 GB\",\"dung_luong_luu_tru\":\"64 GB \\u0111\\u1ebfn 256 GB\",\"ket_noi\":\"WiFi ho\\u1eb7c WiFi + Cellular, H\\u1ed7 tr\\u1ee3 Apple Pencil\",\"pin_sac\":\"7000 mAh \\u0111\\u1ebfn 10000 mAh, S\\u1ea1c nhanh 18 W\"}', 100, 31490000, 0, NULL, 0, 1, 0, 0, 0, '2025-12-09 19:39:38', '2025-12-09 19:42:58'),
(166, 2, 8, 'may-tinh-bang/lenovo-tab-e10-tb-x104l-den-10.jpg', 'Lenovo Tab E10 TB-X104L Đen', 'lenovo-tab-e10-tb-x104l-den', NULL, '{\"man_hinh\":\"IPS LCD, 8\\\" \\u0111\\u1ebfn 10\\\", HD+ ho\\u1eb7c Full HD\",\"he_dieu_hanh\":\"Android 9 ho\\u1eb7c 10\",\"camera_sau\":\"5 MP \\u0111\\u1ebfn 8 MP\",\"camera_truoc\":\"2 MP \\u0111\\u1ebfn 5 MP\",\"chip\":\"MediaTek ho\\u1eb7c Kirin\",\"ram\":\"2 GB \\u0111\\u1ebfn 4 GB\",\"dung_luong_luu_tru\":\"16 GB \\u0111\\u1ebfn 64 GB\",\"ket_noi\":\"WiFi ho\\u1eb7c 4G\",\"pin_sac\":\"4000 mAh \\u0111\\u1ebfn 6000 mAh\"}', 100, 3190000, 0, NULL, 0, 1, 0, 0, 0, '2025-12-09 19:39:38', '2025-12-09 19:42:58'),
(167, 2, 8, 'may-tinh-bang/lenovo-tab-e7-tb-7104i-33397-thumb1-400x400.jpg', 'Lenovo Tab E7 TB-7104I', 'lenovo-tab-e7-tb-7104i', NULL, '{\"man_hinh\":\"IPS LCD, 8\\\" \\u0111\\u1ebfn 10\\\", HD+ ho\\u1eb7c Full HD\",\"he_dieu_hanh\":\"Android 9 ho\\u1eb7c 10\",\"camera_sau\":\"5 MP \\u0111\\u1ebfn 8 MP\",\"camera_truoc\":\"2 MP \\u0111\\u1ebfn 5 MP\",\"chip\":\"MediaTek ho\\u1eb7c Kirin\",\"ram\":\"2 GB \\u0111\\u1ebfn 4 GB\",\"dung_luong_luu_tru\":\"16 GB \\u0111\\u1ebfn 64 GB\",\"ket_noi\":\"WiFi ho\\u1eb7c 4G\",\"pin_sac\":\"4000 mAh \\u0111\\u1ebfn 6000 mAh\"}', 100, 1690000, 0, NULL, 0, 1, 0, 0, 0, '2025-12-09 19:39:38', '2025-12-09 19:42:58'),
(168, 2, 8, 'may-tinh-bang/lenovo-tab-m10-4.jpg', 'Lenovo Tab M10', 'lenovo-tab-m10', NULL, '{\"man_hinh\":\"IPS LCD, 8\\\" \\u0111\\u1ebfn 10\\\", HD+ ho\\u1eb7c Full HD\",\"he_dieu_hanh\":\"Android 9 ho\\u1eb7c 10\",\"camera_sau\":\"5 MP \\u0111\\u1ebfn 8 MP\",\"camera_truoc\":\"2 MP \\u0111\\u1ebfn 5 MP\",\"chip\":\"MediaTek ho\\u1eb7c Kirin\",\"ram\":\"2 GB \\u0111\\u1ebfn 4 GB\",\"dung_luong_luu_tru\":\"16 GB \\u0111\\u1ebfn 64 GB\",\"ket_noi\":\"WiFi ho\\u1eb7c 4G\",\"pin_sac\":\"4000 mAh \\u0111\\u1ebfn 6000 mAh\"}', 100, 4390000, 0, NULL, 0, 1, 0, 0, 0, '2025-12-09 19:39:38', '2025-12-09 19:42:58'),
(169, 2, 8, 'may-tinh-bang/lenovo-tab-m8-tb-8505x400x400-400x400.jpg', 'Lenovo Tab M8 (TB-8505X)', 'lenovo-tab-m8', NULL, '{\"man_hinh\":\"IPS LCD, 8\\\" \\u0111\\u1ebfn 10\\\", HD+ ho\\u1eb7c Full HD\",\"he_dieu_hanh\":\"Android 9 ho\\u1eb7c 10\",\"camera_sau\":\"5 MP \\u0111\\u1ebfn 8 MP\",\"camera_truoc\":\"2 MP \\u0111\\u1ebfn 5 MP\",\"chip\":\"MediaTek ho\\u1eb7c Kirin\",\"ram\":\"2 GB \\u0111\\u1ebfn 4 GB\",\"dung_luong_luu_tru\":\"16 GB \\u0111\\u1ebfn 64 GB\",\"ket_noi\":\"WiFi ho\\u1eb7c 4G\",\"pin_sac\":\"4000 mAh \\u0111\\u1ebfn 6000 mAh\"}', 100, 3490000, 0, NULL, 0, 1, 0, 0, 0, '2025-12-09 19:39:38', '2025-12-09 19:42:58'),
(170, 2, 10, 'may-tinh-bang/masstel-tab10-pro-gold-2-400x400.jpg', 'Masstel Tab 10 Pro', 'masstel-tab10-pro', NULL, '{\"man_hinh\":\"IPS LCD, 8\\\" \\u0111\\u1ebfn 10\\\", HD+ ho\\u1eb7c Full HD\",\"he_dieu_hanh\":\"Android 9 ho\\u1eb7c 10\",\"camera_sau\":\"5 MP \\u0111\\u1ebfn 8 MP\",\"camera_truoc\":\"2 MP \\u0111\\u1ebfn 5 MP\",\"chip\":\"MediaTek ho\\u1eb7c Kirin\",\"ram\":\"2 GB \\u0111\\u1ebfn 4 GB\",\"dung_luong_luu_tru\":\"16 GB \\u0111\\u1ebfn 64 GB\",\"ket_noi\":\"WiFi ho\\u1eb7c 4G\",\"pin_sac\":\"4000 mAh \\u0111\\u1ebfn 6000 mAh\"}', 100, 2590000, 0, NULL, 0, 1, 0, 0, 0, '2025-12-09 19:39:38', '2025-12-09 19:42:58'),
(171, 2, 10, 'may-tinh-bang/masstel-tab-10-ultra-203520-103530-400x400.jpg', 'Masstel Tab 10 Ultra', 'masstel-tab-10-ultra', NULL, '{\"man_hinh\":\"IPS LCD, 8\\\" \\u0111\\u1ebfn 10\\\", HD+ ho\\u1eb7c Full HD\",\"he_dieu_hanh\":\"Android 9 ho\\u1eb7c 10\",\"camera_sau\":\"5 MP \\u0111\\u1ebfn 8 MP\",\"camera_truoc\":\"2 MP \\u0111\\u1ebfn 5 MP\",\"chip\":\"MediaTek ho\\u1eb7c Kirin\",\"ram\":\"2 GB \\u0111\\u1ebfn 4 GB\",\"dung_luong_luu_tru\":\"16 GB \\u0111\\u1ebfn 64 GB\",\"ket_noi\":\"WiFi ho\\u1eb7c 4G\",\"pin_sac\":\"4000 mAh \\u0111\\u1ebfn 6000 mAh\"}', 100, 3490000, 0, NULL, 0, 1, 0, 0, 0, '2025-12-09 19:39:38', '2025-12-09 19:42:58'),
(172, 2, 10, 'may-tinh-bang/mastel-tab8-pro-vang-new-600x600-400x400.jpg', 'Masstel Tab8 Pro', 'masstel-tab8-pro', NULL, '{\"man_hinh\":\"IPS LCD, 8\\\" \\u0111\\u1ebfn 10\\\", HD+ ho\\u1eb7c Full HD\",\"he_dieu_hanh\":\"Android 9 ho\\u1eb7c 10\",\"camera_sau\":\"5 MP \\u0111\\u1ebfn 8 MP\",\"camera_truoc\":\"2 MP \\u0111\\u1ebfn 5 MP\",\"chip\":\"MediaTek ho\\u1eb7c Kirin\",\"ram\":\"2 GB \\u0111\\u1ebfn 4 GB\",\"dung_luong_luu_tru\":\"16 GB \\u0111\\u1ebfn 64 GB\",\"ket_noi\":\"WiFi ho\\u1eb7c 4G\",\"pin_sac\":\"4000 mAh \\u0111\\u1ebfn 6000 mAh\"}', 100, 2090000, 0, NULL, 0, 1, 0, 0, 0, '2025-12-09 19:39:38', '2025-12-09 19:42:58'),
(173, 2, 11, 'may-tinh-bang/mobell-tab-8a-33397-600x600-400x400.jpg', 'Mobell Tab 8A', 'mobell-tab-8a', NULL, '{\"man_hinh\":\"IPS LCD, 8\\\" \\u0111\\u1ebfn 10\\\", HD+ ho\\u1eb7c Full HD\",\"he_dieu_hanh\":\"Android 9 ho\\u1eb7c 10\",\"camera_sau\":\"5 MP \\u0111\\u1ebfn 8 MP\",\"camera_truoc\":\"2 MP \\u0111\\u1ebfn 5 MP\",\"chip\":\"MediaTek ho\\u1eb7c Kirin\",\"ram\":\"2 GB \\u0111\\u1ebfn 4 GB\",\"dung_luong_luu_tru\":\"16 GB \\u0111\\u1ebfn 64 GB\",\"ket_noi\":\"WiFi ho\\u1eb7c 4G\",\"pin_sac\":\"4000 mAh \\u0111\\u1ebfn 6000 mAh\"}', 100, 1590000, 0, NULL, 0, 1, 0, 0, 0, '2025-12-09 19:39:38', '2025-12-09 19:42:58'),
(174, 2, 17, 'may-tinh-bang/samsung-galaxy-tab-a-101-t515-2019-gold-400x400.jpg', 'Samsung Galaxy Tab A 10.1 T515 (2019)', 'samsung-galaxy-tab-a-101-t515-2019', NULL, '{\"man_hinh\":\"Super AMOLED ho\\u1eb7c TFT, 8\\\" \\u0111\\u1ebfn 11\\\", Full HD+\",\"he_dieu_hanh\":\"Android 10 ho\\u1eb7c 11, One UI\",\"camera_sau\":\"13 MP\",\"camera_truoc\":\"8 MP\",\"chip\":\"Exynos ho\\u1eb7c Snapdragon\",\"ram\":\"3 GB \\u0111\\u1ebfn 6 GB\",\"dung_luong_luu_tru\":\"32 GB \\u0111\\u1ebfn 128 GB\",\"ket_noi\":\"WiFi ho\\u1eb7c LTE, H\\u1ed7 tr\\u1ee3 S Pen (t\\u00f9y model)\",\"pin_sac\":\"5100 mAh \\u0111\\u1ebfn 8000 mAh, S\\u1ea1c nhanh 15 W\"}', 100, 7490000, 0, NULL, 0, 1, 0, 0, 0, '2025-12-09 19:39:38', '2025-12-09 19:42:58'),
(175, 2, 17, 'may-tinh-bang/samsung-galaxy-tab-a7-2020-035720-105704-400x460.png', 'Samsung Galaxy Tab A7 (2020)', 'samsung-galaxy-tab-a7', NULL, '{\"man_hinh\":\"Super AMOLED ho\\u1eb7c TFT, 8\\\" \\u0111\\u1ebfn 11\\\", Full HD+\",\"he_dieu_hanh\":\"Android 10 ho\\u1eb7c 11, One UI\",\"camera_sau\":\"13 MP\",\"camera_truoc\":\"8 MP\",\"chip\":\"Exynos ho\\u1eb7c Snapdragon\",\"ram\":\"3 GB \\u0111\\u1ebfn 6 GB\",\"dung_luong_luu_tru\":\"32 GB \\u0111\\u1ebfn 128 GB\",\"ket_noi\":\"WiFi ho\\u1eb7c LTE, H\\u1ed7 tr\\u1ee3 S Pen (t\\u00f9y model)\",\"pin_sac\":\"5100 mAh \\u0111\\u1ebfn 8000 mAh, S\\u1ea1c nhanh 15 W\"}', 100, 7990000, 0, NULL, 0, 1, 0, 0, 0, '2025-12-09 19:39:38', '2025-12-09 19:42:58'),
(176, 2, 17, 'may-tinh-bang/samsung-galaxy-tab-a8-t295-2019-silver-400x400.jpg', 'Samsung Galaxy Tab A8 T295 (2019)', 'samsung-galaxy-tab-a8-t295-2019', NULL, '{\"man_hinh\":\"Super AMOLED ho\\u1eb7c TFT, 8\\\" \\u0111\\u1ebfn 11\\\", Full HD+\",\"he_dieu_hanh\":\"Android 10 ho\\u1eb7c 11, One UI\",\"camera_sau\":\"13 MP\",\"camera_truoc\":\"8 MP\",\"chip\":\"Exynos ho\\u1eb7c Snapdragon\",\"ram\":\"3 GB \\u0111\\u1ebfn 6 GB\",\"dung_luong_luu_tru\":\"32 GB \\u0111\\u1ebfn 128 GB\",\"ket_noi\":\"WiFi ho\\u1eb7c LTE, H\\u1ed7 tr\\u1ee3 S Pen (t\\u00f9y model)\",\"pin_sac\":\"5100 mAh \\u0111\\u1ebfn 8000 mAh, S\\u1ea1c nhanh 15 W\"}', 100, 3690000, 0, NULL, 0, 1, 0, 0, 0, '2025-12-09 19:39:38', '2025-12-09 19:42:58'),
(177, 2, 17, 'may-tinh-bang/samsung-galaxy-tab-s6-600x600-1-400x400.jpg', 'Samsung Galaxy Tab S6', 'samsung-galaxy-tab-s6', NULL, '{\"man_hinh\":\"Super AMOLED ho\\u1eb7c TFT, 8\\\" \\u0111\\u1ebfn 11\\\", Full HD+\",\"he_dieu_hanh\":\"Android 10 ho\\u1eb7c 11, One UI\",\"camera_sau\":\"13 MP\",\"camera_truoc\":\"8 MP\",\"chip\":\"Exynos ho\\u1eb7c Snapdragon\",\"ram\":\"3 GB \\u0111\\u1ebfn 6 GB\",\"dung_luong_luu_tru\":\"32 GB \\u0111\\u1ebfn 128 GB\",\"ket_noi\":\"WiFi ho\\u1eb7c LTE, H\\u1ed7 tr\\u1ee3 S Pen (t\\u00f9y model)\",\"pin_sac\":\"5100 mAh \\u0111\\u1ebfn 8000 mAh, S\\u1ea1c nhanh 15 W\"}', 100, 18490000, 0, NULL, 0, 1, 0, 0, 0, '2025-12-09 19:39:38', '2025-12-09 19:42:58'),
(178, 2, 17, 'may-tinh-bang/samsung-galaxy-tab-s6-lite-600x600-1-400x400.jpg', 'Samsung Galaxy Tab S6 Lite', 'samsung-galaxy-tab-s6-lite', NULL, '{\"man_hinh\":\"Super AMOLED ho\\u1eb7c TFT, 8\\\" \\u0111\\u1ebfn 11\\\", Full HD+\",\"he_dieu_hanh\":\"Android 10 ho\\u1eb7c 11, One UI\",\"camera_sau\":\"13 MP\",\"camera_truoc\":\"8 MP\",\"chip\":\"Exynos ho\\u1eb7c Snapdragon\",\"ram\":\"3 GB \\u0111\\u1ebfn 6 GB\",\"dung_luong_luu_tru\":\"32 GB \\u0111\\u1ebfn 128 GB\",\"ket_noi\":\"WiFi ho\\u1eb7c LTE, H\\u1ed7 tr\\u1ee3 S Pen (t\\u00f9y model)\",\"pin_sac\":\"5100 mAh \\u0111\\u1ebfn 8000 mAh, S\\u1ea1c nhanh 15 W\"}', 100, 9990000, 0, NULL, 0, 1, 0, 0, 0, '2025-12-09 19:39:38', '2025-12-09 19:42:58'),
(179, 2, 17, 'may-tinh-bang/samsung-galaxy-tab-s7-gold-new-400x400.jpg', 'Samsung Galaxy Tab S7', 'samsung-galaxy-tab-s7', NULL, '{\"man_hinh\":\"Super AMOLED ho\\u1eb7c TFT, 8\\\" \\u0111\\u1ebfn 11\\\", Full HD+\",\"he_dieu_hanh\":\"Android 10 ho\\u1eb7c 11, One UI\",\"camera_sau\":\"13 MP\",\"camera_truoc\":\"8 MP\",\"chip\":\"Exynos ho\\u1eb7c Snapdragon\",\"ram\":\"3 GB \\u0111\\u1ebfn 6 GB\",\"dung_luong_luu_tru\":\"32 GB \\u0111\\u1ebfn 128 GB\",\"ket_noi\":\"WiFi ho\\u1eb7c LTE, H\\u1ed7 tr\\u1ee3 S Pen (t\\u00f9y model)\",\"pin_sac\":\"5100 mAh \\u0111\\u1ebfn 8000 mAh, S\\u1ea1c nhanh 15 W\"}', 100, 18990000, 0, NULL, 0, 1, 0, 0, 0, '2025-12-09 19:39:38', '2025-12-09 19:42:58'),
(180, 2, 17, 'may-tinh-bang/samsung-galaxy-tab-a8-plus-p205-black-400x400.jpg', 'Samsung Galaxy Tab with S Pen (P205)', 'samsung-galaxy-tab-a8-plus-p205', NULL, '{\"man_hinh\":\"Super AMOLED ho\\u1eb7c TFT, 8\\\" \\u0111\\u1ebfn 11\\\", Full HD+\",\"he_dieu_hanh\":\"Android 10 ho\\u1eb7c 11, One UI\",\"camera_sau\":\"13 MP\",\"camera_truoc\":\"8 MP\",\"chip\":\"Exynos ho\\u1eb7c Snapdragon\",\"ram\":\"3 GB \\u0111\\u1ebfn 6 GB\",\"dung_luong_luu_tru\":\"32 GB \\u0111\\u1ebfn 128 GB\",\"ket_noi\":\"WiFi ho\\u1eb7c LTE, H\\u1ed7 tr\\u1ee3 S Pen (t\\u00f9y model)\",\"pin_sac\":\"5100 mAh \\u0111\\u1ebfn 8000 mAh, S\\u1ea1c nhanh 15 W\"}', 100, 6990000, 0, NULL, 0, 1, 0, 0, 0, '2025-12-09 19:39:38', '2025-12-09 19:42:58'),
(181, 3, 1, 'may-tinh-xach-tay/acer-aspire-3-a315-n5030-nxhe3sv00h-224582-1-400x400.jpg', 'Acer Aspire 3 A315 34 P26U N5030 (Nx.he3Sv.00H)', 'acer-aspire-3-a315-34-p26u-n5030-nxhe3sv00h', NULL, '{\"man_hinh\":\"14\\\" \\u0111\\u1ebfn 15.6\\\", Full HD IPS\",\"he_dieu_hanh\":\"Windows 10\",\"cpu\":\"Intel Core i3\\/i5\\/i7 th\\u1ebf h\\u1ec7 10 ho\\u1eb7c 11\",\"ram\":\"4 GB \\u0111\\u1ebfn 16 GB\",\"o_cung\":\"256 GB \\u0111\\u1ebfn 512 GB SSD\",\"card_do_hoa\":\"Intel UHD ho\\u1eb7c NVIDIA MX series\",\"ket_noi\":\"USB 3.0, HDMI, Type-C\",\"pin\":\"L\\u00ean \\u0111\\u1ebfn 8 gi\\u1edd\",\"trong_luong\":\"1.5 kg \\u0111\\u1ebfn 2.2 kg\"}', 100, 7990000, 0, NULL, 0, 1, 0, 0, 0, '2025-12-09 19:39:38', '2025-12-09 19:42:58'),
(182, 3, 1, 'may-tinh-xach-tay/acer-aspire-3-a315-nx-heesv-00d-221251-1-400x400.jpg', 'Acer Aspire 3 A315 54K 37B0 I3 8130U (Nx.heesv.00D)', 'acer-aspire-3-a315-54k-37b0-i3-8130u-nxheesv00d', NULL, '{\"man_hinh\":\"14\\\" \\u0111\\u1ebfn 15.6\\\", Full HD IPS\",\"he_dieu_hanh\":\"Windows 10\",\"cpu\":\"Intel Core i3\\/i5\\/i7 th\\u1ebf h\\u1ec7 10 ho\\u1eb7c 11\",\"ram\":\"4 GB \\u0111\\u1ebfn 16 GB\",\"o_cung\":\"256 GB \\u0111\\u1ebfn 512 GB SSD\",\"card_do_hoa\":\"Intel UHD ho\\u1eb7c NVIDIA MX series\",\"ket_noi\":\"USB 3.0, HDMI, Type-C\",\"pin\":\"L\\u00ean \\u0111\\u1ebfn 8 gi\\u1edd\",\"trong_luong\":\"1.5 kg \\u0111\\u1ebfn 2.2 kg\"}', 100, 9990000, 0, NULL, 0, 1, 0, 0, 0, '2025-12-09 19:39:38', '2025-12-09 19:42:58'),
(183, 3, 1, 'may-tinh-xach-tay/acer-aspire-3-a315-56-i5-nxhs5sv00b-usb-224584-400x400.jpg', 'Acer Aspire 3 A315 56 58EB i5 1035G1 (NX.HS5SV.00B)', 'acer-aspire-3-a315-56-i5-nxhs5sv00b', NULL, '{\"man_hinh\":\"14\\\" \\u0111\\u1ebfn 15.6\\\", Full HD IPS\",\"he_dieu_hanh\":\"Windows 10\",\"cpu\":\"Intel Core i3\\/i5\\/i7 th\\u1ebf h\\u1ec7 10 ho\\u1eb7c 11\",\"ram\":\"4 GB \\u0111\\u1ebfn 16 GB\",\"o_cung\":\"256 GB \\u0111\\u1ebfn 512 GB SSD\",\"card_do_hoa\":\"Intel UHD ho\\u1eb7c NVIDIA MX series\",\"ket_noi\":\"USB 3.0, HDMI, Type-C\",\"pin\":\"L\\u00ean \\u0111\\u1ebfn 8 gi\\u1edd\",\"trong_luong\":\"1.5 kg \\u0111\\u1ebfn 2.2 kg\"}', 100, 14990000, 33, 10043300, 0, 1, 0, 0, 0, '2025-12-09 19:39:38', '2025-12-09 19:42:58'),
(184, 3, 1, 'may-tinh-xach-tay/acer-aspire-a315-54-558r-i5-8265u-4gb-1tb-win10-n3-209143-400x400.jpg', 'Acer Aspire A315 54 558R i5 8265U (NX.HEFSV.005)', 'acer-aspire-a315-54-558r-i5-8265u-4gb-1tb-win10-n', NULL, '{\"man_hinh\":\"14\\\" \\u0111\\u1ebfn 15.6\\\", Full HD IPS\",\"he_dieu_hanh\":\"Windows 10\",\"cpu\":\"Intel Core i3\\/i5\\/i7 th\\u1ebf h\\u1ec7 10 ho\\u1eb7c 11\",\"ram\":\"4 GB \\u0111\\u1ebfn 16 GB\",\"o_cung\":\"256 GB \\u0111\\u1ebfn 512 GB SSD\",\"card_do_hoa\":\"Intel UHD ho\\u1eb7c NVIDIA MX series\",\"ket_noi\":\"USB 3.0, HDMI, Type-C\",\"pin\":\"L\\u00ean \\u0111\\u1ebfn 8 gi\\u1edd\",\"trong_luong\":\"1.5 kg \\u0111\\u1ebfn 2.2 kg\"}', 100, 11490000, 12, 10111200, 0, 1, 0, 0, 0, '2025-12-09 19:39:38', '2025-12-09 19:42:58'),
(185, 3, 1, 'may-tinh-xach-tay/acer-aspire-a315-55g-78q1-i7-nxhedsv003-052120-032113-400x400.jpg', 'Acer Aspire A315 55G 78Q1 i7 8565U (NX.HEDSV.003)', 'acer-aspire-a315-55g-78q1-i7-nxhedsv003', NULL, '{\"man_hinh\":\"14\\\" \\u0111\\u1ebfn 15.6\\\", Full HD IPS\",\"he_dieu_hanh\":\"Windows 10\",\"cpu\":\"Intel Core i3\\/i5\\/i7 th\\u1ebf h\\u1ec7 10 ho\\u1eb7c 11\",\"ram\":\"4 GB \\u0111\\u1ebfn 16 GB\",\"o_cung\":\"256 GB \\u0111\\u1ebfn 512 GB SSD\",\"card_do_hoa\":\"Intel UHD ho\\u1eb7c NVIDIA MX series\",\"ket_noi\":\"USB 3.0, HDMI, Type-C\",\"pin\":\"L\\u00ean \\u0111\\u1ebfn 8 gi\\u1edd\",\"trong_luong\":\"1.5 kg \\u0111\\u1ebfn 2.2 kg\"}', 100, 19290000, 11, 17168100, 0, 1, 0, 0, 0, '2025-12-09 19:39:38', '2025-12-09 19:42:58'),
(186, 3, 1, 'may-tinh-xach-tay/acer-aspire-a315-56-308n-i3-nxhs5sv00c-15-223654-400x400.jpg', 'Acer Aspire A315 56 308N i3 1005G1 (NX.HS5SV.00C)', 'acer-aspire-a315-56-308n-i3-nxhs5sv00c', NULL, '{\"man_hinh\":\"14\\\" \\u0111\\u1ebfn 15.6\\\", Full HD IPS\",\"he_dieu_hanh\":\"Windows 10\",\"cpu\":\"Intel Core i3\\/i5\\/i7 th\\u1ebf h\\u1ec7 10 ho\\u1eb7c 11\",\"ram\":\"4 GB \\u0111\\u1ebfn 16 GB\",\"o_cung\":\"256 GB \\u0111\\u1ebfn 512 GB SSD\",\"card_do_hoa\":\"Intel UHD ho\\u1eb7c NVIDIA MX series\",\"ket_noi\":\"USB 3.0, HDMI, Type-C\",\"pin\":\"L\\u00ean \\u0111\\u1ebfn 8 gi\\u1edd\",\"trong_luong\":\"1.5 kg \\u0111\\u1ebfn 2.2 kg\"}', 100, 11690000, 23, 9001300, 0, 1, 0, 0, 0, '2025-12-09 19:39:38', '2025-12-09 19:42:58'),
(187, 3, 1, 'may-tinh-xach-tay/acer-aspire-a315-56-34ay-i3-nxhs5sv007-9-223656-400x400.jpg', 'Acer Aspire A315 56 34AY i3 1005G1 (NX.HS5SV.007)', 'acer-aspire-a315-56-34ay-i3-nxhs5sv007', NULL, '{\"man_hinh\":\"14\\\" \\u0111\\u1ebfn 15.6\\\", Full HD IPS\",\"he_dieu_hanh\":\"Windows 10\",\"cpu\":\"Intel Core i3\\/i5\\/i7 th\\u1ebf h\\u1ec7 10 ho\\u1eb7c 11\",\"ram\":\"4 GB \\u0111\\u1ebfn 16 GB\",\"o_cung\":\"256 GB \\u0111\\u1ebfn 512 GB SSD\",\"card_do_hoa\":\"Intel UHD ho\\u1eb7c NVIDIA MX series\",\"ket_noi\":\"USB 3.0, HDMI, Type-C\",\"pin\":\"L\\u00ean \\u0111\\u1ebfn 8 gi\\u1edd\",\"trong_luong\":\"1.5 kg \\u0111\\u1ebfn 2.2 kg\"}', 100, 12690000, 6, 11928600, 0, 1, 0, 0, 0, '2025-12-09 19:39:38', '2025-12-09 19:42:58'),
(188, 3, 1, 'may-tinh-xach-tay/acer-aspire-a514-53-5921-i5-nxhupsv001-223657-1-400x400.jpg', 'Acer Aspire A514 53 5921 i5 1035G1 (NX.HUPSV.001)', 'acer-aspire-a514-53-5921-i5-nxhupsv001', NULL, '{\"man_hinh\":\"14\\\" \\u0111\\u1ebfn 15.6\\\", Full HD IPS\",\"he_dieu_hanh\":\"Windows 10\",\"cpu\":\"Intel Core i3\\/i5\\/i7 th\\u1ebf h\\u1ec7 10 ho\\u1eb7c 11\",\"ram\":\"4 GB \\u0111\\u1ebfn 16 GB\",\"o_cung\":\"256 GB \\u0111\\u1ebfn 512 GB SSD\",\"card_do_hoa\":\"Intel UHD ho\\u1eb7c NVIDIA MX series\",\"ket_noi\":\"USB 3.0, HDMI, Type-C\",\"pin\":\"L\\u00ean \\u0111\\u1ebfn 8 gi\\u1edd\",\"trong_luong\":\"1.5 kg \\u0111\\u1ebfn 2.2 kg\"}', 100, 16490000, 3, 15995300, 0, 1, 0, 0, 0, '2025-12-09 19:39:38', '2025-12-09 19:42:58'),
(189, 3, 1, 'may-tinh-xach-tay/acer-aspire-a514-53g-513j-i5-nxhywsv001-223658-1-400x400.jpg', 'Acer Aspire A514 53G 513J i5 1035G1 (NX.HYWSV.001)', 'acer-aspire-a514-53g-513j-i5-nxhywsv001', NULL, '{\"man_hinh\":\"14\\\" \\u0111\\u1ebfn 15.6\\\", Full HD IPS\",\"he_dieu_hanh\":\"Windows 10\",\"cpu\":\"Intel Core i3\\/i5\\/i7 th\\u1ebf h\\u1ec7 10 ho\\u1eb7c 11\",\"ram\":\"4 GB \\u0111\\u1ebfn 16 GB\",\"o_cung\":\"256 GB \\u0111\\u1ebfn 512 GB SSD\",\"card_do_hoa\":\"Intel UHD ho\\u1eb7c NVIDIA MX series\",\"ket_noi\":\"USB 3.0, HDMI, Type-C\",\"pin\":\"L\\u00ean \\u0111\\u1ebfn 8 gi\\u1edd\",\"trong_luong\":\"1.5 kg \\u0111\\u1ebfn 2.2 kg\"}', 100, 17990000, 9, 16370900, 0, 1, 0, 0, 0, '2025-12-09 19:39:38', '2025-12-09 19:42:58'),
(190, 3, 1, 'may-tinh-xach-tay/acer-aspire-e5-576g-88ep-nxgwnsv0011-g-g-gg184143-400x400.jpg', 'Acer Aspire E5 576G 88EP i7 8550U (NX.H2ESV.001)', 'acer-aspire-e5-576g-88ep-nxgwnsv001', NULL, '{\"man_hinh\":\"14\\\" \\u0111\\u1ebfn 15.6\\\", Full HD IPS\",\"he_dieu_hanh\":\"Windows 10\",\"cpu\":\"Intel Core i3\\/i5\\/i7 th\\u1ebf h\\u1ec7 10 ho\\u1eb7c 11\",\"ram\":\"4 GB \\u0111\\u1ebfn 16 GB\",\"o_cung\":\"256 GB \\u0111\\u1ebfn 512 GB SSD\",\"card_do_hoa\":\"Intel UHD ho\\u1eb7c NVIDIA MX series\",\"ket_noi\":\"USB 3.0, HDMI, Type-C\",\"pin\":\"L\\u00ean \\u0111\\u1ebfn 8 gi\\u1edd\",\"trong_luong\":\"1.5 kg \\u0111\\u1ebfn 2.2 kg\"}', 100, 16790000, 0, NULL, 0, 1, 0, 0, 0, '2025-12-09 19:39:38', '2025-12-09 19:42:58'),
(191, 3, 1, 'may-tinh-xach-tay/acer-swift-sf314-54-51ql-nxgxzsv001-dai-dien-161558-400x400.jpg', 'Acer Swift 3 SF314 54 51QL i5 8250U (NX.GXZSV.001)', 'acer-swift-sf314-54-51ql-nxgxzsv001', NULL, '{\"man_hinh\":\"14\\\" \\u0111\\u1ebfn 15.6\\\", Full HD IPS\",\"he_dieu_hanh\":\"Windows 10\",\"cpu\":\"Intel Core i3\\/i5\\/i7 th\\u1ebf h\\u1ec7 10 ho\\u1eb7c 11\",\"ram\":\"4 GB \\u0111\\u1ebfn 16 GB\",\"o_cung\":\"256 GB \\u0111\\u1ebfn 512 GB SSD\",\"card_do_hoa\":\"Intel UHD ho\\u1eb7c NVIDIA MX series\",\"ket_noi\":\"USB 3.0, HDMI, Type-C\",\"pin\":\"L\\u00ean \\u0111\\u1ebfn 8 gi\\u1edd\",\"trong_luong\":\"1.5 kg \\u0111\\u1ebfn 2.2 kg\"}', 100, 15790000, 0, NULL, 0, 1, 0, 0, 0, '2025-12-09 19:39:38', '2025-12-09 19:42:58'),
(192, 3, 1, 'may-tinh-xach-tay/acer-swift-3-sf314-nx-hjfsv-0018-217351-400x400.jpg', 'Acer Swift 3 SF314 57 52GB i5 1035G1 (NX.HJFSV.001)', 'acer-swift-3-sf314-nx-hjfsv-001', NULL, '{\"man_hinh\":\"14\\\" \\u0111\\u1ebfn 15.6\\\", Full HD IPS\",\"he_dieu_hanh\":\"Windows 10\",\"cpu\":\"Intel Core i3\\/i5\\/i7 th\\u1ebf h\\u1ec7 10 ho\\u1eb7c 11\",\"ram\":\"4 GB \\u0111\\u1ebfn 16 GB\",\"o_cung\":\"256 GB \\u0111\\u1ebfn 512 GB SSD\",\"card_do_hoa\":\"Intel UHD ho\\u1eb7c NVIDIA MX series\",\"ket_noi\":\"USB 3.0, HDMI, Type-C\",\"pin\":\"L\\u00ean \\u0111\\u1ebfn 8 gi\\u1edd\",\"trong_luong\":\"1.5 kg \\u0111\\u1ebfn 2.2 kg\"}', 100, 18490000, 0, NULL, 0, 1, 0, 0, 0, '2025-12-09 19:39:38', '2025-12-09 19:42:58'),
(193, 3, 1, 'may-tinh-xach-tay/acer-sf315-51-54h0-i5-8250u-4gb-1tb-win107-201769-400x400.jpg', 'Acer Swift 3 SF315 51 54H0 i5 8250U (NX.GSKSV.004)', 'acer-sf315-51-54h0-i5-8250u-4gb-1tb-win10', NULL, '{\"man_hinh\":\"14\\\" \\u0111\\u1ebfn 15.6\\\", Full HD IPS\",\"he_dieu_hanh\":\"Windows 10\",\"cpu\":\"Intel Core i3\\/i5\\/i7 th\\u1ebf h\\u1ec7 10 ho\\u1eb7c 11\",\"ram\":\"4 GB \\u0111\\u1ebfn 16 GB\",\"o_cung\":\"256 GB \\u0111\\u1ebfn 512 GB SSD\",\"card_do_hoa\":\"Intel UHD ho\\u1eb7c NVIDIA MX series\",\"ket_noi\":\"USB 3.0, HDMI, Type-C\",\"pin\":\"L\\u00ean \\u0111\\u1ebfn 8 gi\\u1edd\",\"trong_luong\":\"1.5 kg \\u0111\\u1ebfn 2.2 kg\"}', 100, 16490000, 0, NULL, 0, 1, 0, 0, 0, '2025-12-09 19:39:38', '2025-12-09 19:42:58'),
(194, 3, 1, 'may-tinh-xach-tay/acer-swift-sf5-i5-8265u-8gb-256gb-win10-13-201236-400x400.jpg', 'Acer Swift 5 SF514 53T 51EX i5 8265U (NX.H7KSV.001)', 'acer-swift-sf5-i5-8265u-8gb-256gb-win10', NULL, '{\"man_hinh\":\"14\\\" \\u0111\\u1ebfn 15.6\\\", Full HD IPS\",\"he_dieu_hanh\":\"Windows 10\",\"cpu\":\"Intel Core i3\\/i5\\/i7 th\\u1ebf h\\u1ec7 10 ho\\u1eb7c 11\",\"ram\":\"4 GB \\u0111\\u1ebfn 16 GB\",\"o_cung\":\"256 GB \\u0111\\u1ebfn 512 GB SSD\",\"card_do_hoa\":\"Intel UHD ho\\u1eb7c NVIDIA MX series\",\"ket_noi\":\"USB 3.0, HDMI, Type-C\",\"pin\":\"L\\u00ean \\u0111\\u1ebfn 8 gi\\u1edd\",\"trong_luong\":\"1.5 kg \\u0111\\u1ebfn 2.2 kg\"}', 100, 23490000, 0, NULL, 0, 1, 0, 0, 0, '2025-12-09 19:39:38', '2025-12-09 19:42:58'),
(195, 3, 1, 'may-tinh-xach-tay/acer-swift-sf5-i7-8565u-8gb-256gb-win10-pin-201237-400x400.jpg', 'Acer Swift 5 SF514 53T 720R i7 8565U (NX.H7HSV.002)', 'acer-swift-sf5-i7-8565u-8gb-256gb-win10', NULL, '{\"man_hinh\":\"14\\\" \\u0111\\u1ebfn 15.6\\\", Full HD IPS\",\"he_dieu_hanh\":\"Windows 10\",\"cpu\":\"Intel Core i3\\/i5\\/i7 th\\u1ebf h\\u1ec7 10 ho\\u1eb7c 11\",\"ram\":\"4 GB \\u0111\\u1ebfn 16 GB\",\"o_cung\":\"256 GB \\u0111\\u1ebfn 512 GB SSD\",\"card_do_hoa\":\"Intel UHD ho\\u1eb7c NVIDIA MX series\",\"ket_noi\":\"USB 3.0, HDMI, Type-C\",\"pin\":\"L\\u00ean \\u0111\\u1ebfn 8 gi\\u1edd\",\"trong_luong\":\"1.5 kg \\u0111\\u1ebfn 2.2 kg\"}', 100, 27290000, 0, NULL, 0, 1, 0, 0, 0, '2025-12-09 19:39:38', '2025-12-09 19:42:58');
INSERT INTO `sanpham` (`id`, `loaisanpham_id`, `hangsanxuat_id`, `hinhanh`, `tensanpham`, `tensanpham_slug`, `mota`, `thongso`, `soluong`, `gia`, `khuyenmai`, `gia_khuyenmai`, `daban`, `trangthai`, `luotxem`, `noibat`, `sl_dat_truoc`, `created_at`, `updated_at`) VALUES
(196, 3, 2, 'may-tinh-xach-tay/apple-macbook-air-2020-i3-11ghz-8gb-256gb-mwtj2sa-400x400.jpg', 'Apple MacBook Air 2020 i3 256GB (MWTJ2SA/A)', 'apple-macbook-air-2020-i3-mwtj2saa', NULL, '{\"man_hinh\":\"13.3\\\", Retina\",\"he_dieu_hanh\":\"macOS\",\"cpu\":\"Intel Core i3 ho\\u1eb7c Apple M1\",\"ram\":\"8 GB\",\"o_cung\":\"256 GB SSD\",\"card_do_hoa\":\"Intel Iris Plus ho\\u1eb7c Apple Integrated\",\"ket_noi\":\"Thunderbolt 3, USB-C\",\"pin\":\"L\\u00ean \\u0111\\u1ebfn 18 gi\\u1edd\",\"trong_luong\":\"1.29 kg\"}', 100, 28990000, 0, NULL, 0, 1, 0, 0, 0, '2025-12-09 19:39:38', '2025-12-09 19:42:58'),
(197, 3, 3, 'may-tinh-xach-tay/asus-expertbook-b9450f-i5-bm0324t-210920-110951-400x400.jpg', 'Asus ExpertBook B9450F i5 10210U (BM0324T)', 'asus-expertbook-b9450f-i5-bm0324t', NULL, '{\"man_hinh\":\"14\\\" \\u0111\\u1ebfn 15.6\\\", Full HD IPS\",\"he_dieu_hanh\":\"Windows 10\",\"cpu\":\"Intel Core i3\\/i5\\/i7 th\\u1ebf h\\u1ec7 10 ho\\u1eb7c 11\",\"ram\":\"4 GB \\u0111\\u1ebfn 16 GB\",\"o_cung\":\"256 GB \\u0111\\u1ebfn 512 GB SSD\",\"card_do_hoa\":\"Intel UHD ho\\u1eb7c NVIDIA MX series\",\"ket_noi\":\"USB 3.0, HDMI, Type-C\",\"pin\":\"L\\u00ean \\u0111\\u1ebfn 8 gi\\u1edd\",\"trong_luong\":\"1.5 kg \\u0111\\u1ebfn 2.2 kg\"}', 100, 34190000, 0, NULL, 0, 1, 0, 0, 0, '2025-12-09 19:39:38', '2025-12-09 19:42:58'),
(198, 3, 3, 'may-tinh-xach-tay/asus-expertbook-b9450f-i7-bm0616r-210420-110447-400x400.jpg', 'Asus ExpertBook B9450F i7 10510U (BM0616R)', 'asus-expertbook-b9450f-i7-bm0616r', NULL, '{\"man_hinh\":\"14\\\" \\u0111\\u1ebfn 15.6\\\", Full HD IPS\",\"he_dieu_hanh\":\"Windows 10\",\"cpu\":\"Intel Core i3\\/i5\\/i7 th\\u1ebf h\\u1ec7 10 ho\\u1eb7c 11\",\"ram\":\"4 GB \\u0111\\u1ebfn 16 GB\",\"o_cung\":\"256 GB \\u0111\\u1ebfn 512 GB SSD\",\"card_do_hoa\":\"Intel UHD ho\\u1eb7c NVIDIA MX series\",\"ket_noi\":\"USB 3.0, HDMI, Type-C\",\"pin\":\"L\\u00ean \\u0111\\u1ebfn 8 gi\\u1edd\",\"trong_luong\":\"1.5 kg \\u0111\\u1ebfn 2.2 kg\"}', 100, 44990000, 0, NULL, 0, 1, 0, 0, 0, '2025-12-09 19:39:38', '2025-12-09 19:42:58'),
(199, 3, 3, 'may-tinh-xach-tay/asus-x507uf-ej074t-1-2-201791-400x400.jpg', 'Asus Vivobook 15 X507UF i7 8550U (EJ074T)', 'asus-x507uf-ej074t', NULL, '{\"man_hinh\":\"14\\\" \\u0111\\u1ebfn 15.6\\\", Full HD IPS\",\"he_dieu_hanh\":\"Windows 10\",\"cpu\":\"Intel Core i3\\/i5\\/i7 th\\u1ebf h\\u1ec7 10 ho\\u1eb7c 11\",\"ram\":\"4 GB \\u0111\\u1ebfn 16 GB\",\"o_cung\":\"256 GB \\u0111\\u1ebfn 512 GB SSD\",\"card_do_hoa\":\"Intel UHD ho\\u1eb7c NVIDIA MX series\",\"ket_noi\":\"USB 3.0, HDMI, Type-C\",\"pin\":\"L\\u00ean \\u0111\\u1ebfn 8 gi\\u1edd\",\"trong_luong\":\"1.5 kg \\u0111\\u1ebfn 2.2 kg\"}', 100, 17190000, 0, NULL, 0, 1, 0, 0, 0, '2025-12-09 19:39:38', '2025-12-09 19:42:58'),
(200, 3, 3, 'may-tinh-xach-tay/asus-vivobook-a412fa-i3-ek1175t-225610-400x400.jpg', 'Asus VivoBook A412FA i3 10110U (EK1175T)', 'asus-vivobook-a412fa-i3-ek1175t', NULL, '{\"man_hinh\":\"14\\\" \\u0111\\u1ebfn 15.6\\\", Full HD IPS\",\"he_dieu_hanh\":\"Windows 10\",\"cpu\":\"Intel Core i3\\/i5\\/i7 th\\u1ebf h\\u1ec7 10 ho\\u1eb7c 11\",\"ram\":\"4 GB \\u0111\\u1ebfn 16 GB\",\"o_cung\":\"256 GB \\u0111\\u1ebfn 512 GB SSD\",\"card_do_hoa\":\"Intel UHD ho\\u1eb7c NVIDIA MX series\",\"ket_noi\":\"USB 3.0, HDMI, Type-C\",\"pin\":\"L\\u00ean \\u0111\\u1ebfn 8 gi\\u1edd\",\"trong_luong\":\"1.5 kg \\u0111\\u1ebfn 2.2 kg\"}', 100, 12690000, 0, NULL, 0, 1, 0, 0, 0, '2025-12-09 19:39:39', '2025-12-09 19:42:58'),
(201, 3, 3, 'may-tinh-xach-tay/asus-vivobook-a412fa-i3-ek1179t-223980-1-400x400.jpg', 'Asus VivoBook A412FA i3 10110U (EK1179T)', 'asus-vivobook-a412fa-i3-ek1179t', NULL, '{\"man_hinh\":\"14\\\" \\u0111\\u1ebfn 15.6\\\", Full HD IPS\",\"he_dieu_hanh\":\"Windows 10\",\"cpu\":\"Intel Core i3\\/i5\\/i7 th\\u1ebf h\\u1ec7 10 ho\\u1eb7c 11\",\"ram\":\"4 GB \\u0111\\u1ebfn 16 GB\",\"o_cung\":\"256 GB \\u0111\\u1ebfn 512 GB SSD\",\"card_do_hoa\":\"Intel UHD ho\\u1eb7c NVIDIA MX series\",\"ket_noi\":\"USB 3.0, HDMI, Type-C\",\"pin\":\"L\\u00ean \\u0111\\u1ebfn 8 gi\\u1edd\",\"trong_luong\":\"1.5 kg \\u0111\\u1ebfn 2.2 kg\"}', 100, 13090000, 0, NULL, 0, 1, 0, 0, 0, '2025-12-09 19:39:39', '2025-12-09 19:42:58'),
(202, 3, 3, 'may-tinh-xach-tay/asus-vivobook-s412f-i3-8145u-4gb-512gb-ek342t-203670-400x400.jpg', 'Asus VivoBook A412FA i3 8145U (EK342T)', 'asus-vivobook-s412f-i3-8145u-4gb-512gb-ek342t', NULL, '{\"man_hinh\":\"14\\\" \\u0111\\u1ebfn 15.6\\\", Full HD IPS\",\"he_dieu_hanh\":\"Windows 10\",\"cpu\":\"Intel Core i3\\/i5\\/i7 th\\u1ebf h\\u1ec7 10 ho\\u1eb7c 11\",\"ram\":\"4 GB \\u0111\\u1ebfn 16 GB\",\"o_cung\":\"256 GB \\u0111\\u1ebfn 512 GB SSD\",\"card_do_hoa\":\"Intel UHD ho\\u1eb7c NVIDIA MX series\",\"ket_noi\":\"USB 3.0, HDMI, Type-C\",\"pin\":\"L\\u00ean \\u0111\\u1ebfn 8 gi\\u1edd\",\"trong_luong\":\"1.5 kg \\u0111\\u1ebfn 2.2 kg\"}', 100, 12490000, 0, NULL, 0, 1, 0, 0, 0, '2025-12-09 19:39:39', '2025-12-09 19:42:58'),
(203, 3, 3, 'may-tinh-xach-tay/asus-vivobook-a412fa-i5-ek738t-217509-400x400.jpg', 'Asus VivoBook A412FA i5 10210U (EK738T)', 'asus-vivobook-a412fa-i5-ek738t', NULL, '{\"man_hinh\":\"14\\\" \\u0111\\u1ebfn 15.6\\\", Full HD IPS\",\"he_dieu_hanh\":\"Windows 10\",\"cpu\":\"Intel Core i3\\/i5\\/i7 th\\u1ebf h\\u1ec7 10 ho\\u1eb7c 11\",\"ram\":\"4 GB \\u0111\\u1ebfn 16 GB\",\"o_cung\":\"256 GB \\u0111\\u1ebfn 512 GB SSD\",\"card_do_hoa\":\"Intel UHD ho\\u1eb7c NVIDIA MX series\",\"ket_noi\":\"USB 3.0, HDMI, Type-C\",\"pin\":\"L\\u00ean \\u0111\\u1ebfn 8 gi\\u1edd\",\"trong_luong\":\"1.5 kg \\u0111\\u1ebfn 2.2 kg\"}', 100, 16190000, 0, NULL, 0, 1, 0, 0, 0, '2025-12-09 19:39:39', '2025-12-09 19:42:58'),
(204, 3, 3, 'may-tinh-xach-tay/asus-vivobook-a415ea-i3-eb317t-062420-092402-400x400.jpg', 'Asus VivoBook A415EA i3 1115G4 (EB317T)', 'asus-vivobook-a415ea-i3-eb317t', NULL, '{\"man_hinh\":\"14\\\" \\u0111\\u1ebfn 15.6\\\", Full HD IPS\",\"he_dieu_hanh\":\"Windows 10\",\"cpu\":\"Intel Core i3\\/i5\\/i7 th\\u1ebf h\\u1ec7 10 ho\\u1eb7c 11\",\"ram\":\"4 GB \\u0111\\u1ebfn 16 GB\",\"o_cung\":\"256 GB \\u0111\\u1ebfn 512 GB SSD\",\"card_do_hoa\":\"Intel UHD ho\\u1eb7c NVIDIA MX series\",\"ket_noi\":\"USB 3.0, HDMI, Type-C\",\"pin\":\"L\\u00ean \\u0111\\u1ebfn 8 gi\\u1edd\",\"trong_luong\":\"1.5 kg \\u0111\\u1ebfn 2.2 kg\"}', 100, 13690000, 0, NULL, 0, 1, 0, 0, 0, '2025-12-09 19:39:39', '2025-12-09 19:42:58'),
(205, 3, 3, 'may-tinh-xach-tay/asus-vivobook-a415ea-i3-eb353t-062320-092323-400x400.jpg', 'Asus VivoBook A415EA i3 1115G4 (EB353T)', 'asus-vivobook-a415ea-i3-eb353t', NULL, '{\"man_hinh\":\"14\\\" \\u0111\\u1ebfn 15.6\\\", Full HD IPS\",\"he_dieu_hanh\":\"Windows 10\",\"cpu\":\"Intel Core i3\\/i5\\/i7 th\\u1ebf h\\u1ec7 10 ho\\u1eb7c 11\",\"ram\":\"4 GB \\u0111\\u1ebfn 16 GB\",\"o_cung\":\"256 GB \\u0111\\u1ebfn 512 GB SSD\",\"card_do_hoa\":\"Intel UHD ho\\u1eb7c NVIDIA MX series\",\"ket_noi\":\"USB 3.0, HDMI, Type-C\",\"pin\":\"L\\u00ean \\u0111\\u1ebfn 8 gi\\u1edd\",\"trong_luong\":\"1.5 kg \\u0111\\u1ebfn 2.2 kg\"}', 100, 14190000, 0, NULL, 0, 1, 0, 0, 0, '2025-12-09 19:39:39', '2025-12-09 19:42:58'),
(206, 3, 3, 'may-tinh-xach-tay/asus-vivobook-a512fa-i3-10110u-ej2033t-226254-400x400.jpg', 'Asus VivoBook A512FA i3 10110U (EJ2033T)', 'asus-vivobook-a512fa-i3-10110u-ej2033t', NULL, '{\"man_hinh\":\"14\\\" \\u0111\\u1ebfn 15.6\\\", Full HD IPS\",\"he_dieu_hanh\":\"Windows 10\",\"cpu\":\"Intel Core i3\\/i5\\/i7 th\\u1ebf h\\u1ec7 10 ho\\u1eb7c 11\",\"ram\":\"4 GB \\u0111\\u1ebfn 16 GB\",\"o_cung\":\"256 GB \\u0111\\u1ebfn 512 GB SSD\",\"card_do_hoa\":\"Intel UHD ho\\u1eb7c NVIDIA MX series\",\"ket_noi\":\"USB 3.0, HDMI, Type-C\",\"pin\":\"L\\u00ean \\u0111\\u1ebfn 8 gi\\u1edd\",\"trong_luong\":\"1.5 kg \\u0111\\u1ebfn 2.2 kg\"}', 100, 13990000, 0, NULL, 0, 1, 0, 0, 0, '2025-12-09 19:39:39', '2025-12-09 19:42:58'),
(207, 3, 3, 'may-tinh-xach-tay/asus-vivobook-a512fa-i3-ej1868t-220574-400x400.jpg', 'Asus VivoBook A512FA i3 8145U (EJ1868T)', 'asus-vivobook-a512fa-i3-ej1868t', NULL, '{\"man_hinh\":\"14\\\" \\u0111\\u1ebfn 15.6\\\", Full HD IPS\",\"he_dieu_hanh\":\"Windows 10\",\"cpu\":\"Intel Core i3\\/i5\\/i7 th\\u1ebf h\\u1ec7 10 ho\\u1eb7c 11\",\"ram\":\"4 GB \\u0111\\u1ebfn 16 GB\",\"o_cung\":\"256 GB \\u0111\\u1ebfn 512 GB SSD\",\"card_do_hoa\":\"Intel UHD ho\\u1eb7c NVIDIA MX series\",\"ket_noi\":\"USB 3.0, HDMI, Type-C\",\"pin\":\"L\\u00ean \\u0111\\u1ebfn 8 gi\\u1edd\",\"trong_luong\":\"1.5 kg \\u0111\\u1ebfn 2.2 kg\"}', 100, 12790000, 0, NULL, 0, 1, 0, 0, 0, '2025-12-09 19:39:39', '2025-12-09 19:42:58'),
(208, 3, 3, 'may-tinh-xach-tay/asus-vivobook-a512fa-i5-ej1734t-9-217510-400x400.jpg', 'Asus VivoBook A512FA i5 10210U (EJ1734T)', 'asus-vivobook-a512fa-i5-ej1734t', NULL, '{\"man_hinh\":\"14\\\" \\u0111\\u1ebfn 15.6\\\", Full HD IPS\",\"he_dieu_hanh\":\"Windows 10\",\"cpu\":\"Intel Core i3\\/i5\\/i7 th\\u1ebf h\\u1ec7 10 ho\\u1eb7c 11\",\"ram\":\"4 GB \\u0111\\u1ebfn 16 GB\",\"o_cung\":\"256 GB \\u0111\\u1ebfn 512 GB SSD\",\"card_do_hoa\":\"Intel UHD ho\\u1eb7c NVIDIA MX series\",\"ket_noi\":\"USB 3.0, HDMI, Type-C\",\"pin\":\"L\\u00ean \\u0111\\u1ebfn 8 gi\\u1edd\",\"trong_luong\":\"1.5 kg \\u0111\\u1ebfn 2.2 kg\"}', 100, 16990000, 0, NULL, 0, 1, 0, 0, 0, '2025-12-09 19:39:39', '2025-12-09 19:42:58'),
(209, 3, 3, 'may-tinh-xach-tay/asus-vivobook-a515ea-i3-bq497t-062220-092221-400x400.jpg', 'Asus VivoBook A515EA i3 1115G4 (BQ497T)', 'asus-vivobook-a515ea-i3-bq497t', NULL, '{\"man_hinh\":\"14\\\" \\u0111\\u1ebfn 15.6\\\", Full HD IPS\",\"he_dieu_hanh\":\"Windows 10\",\"cpu\":\"Intel Core i3\\/i5\\/i7 th\\u1ebf h\\u1ec7 10 ho\\u1eb7c 11\",\"ram\":\"4 GB \\u0111\\u1ebfn 16 GB\",\"o_cung\":\"256 GB \\u0111\\u1ebfn 512 GB SSD\",\"card_do_hoa\":\"Intel UHD ho\\u1eb7c NVIDIA MX series\",\"ket_noi\":\"USB 3.0, HDMI, Type-C\",\"pin\":\"L\\u00ean \\u0111\\u1ebfn 8 gi\\u1edd\",\"trong_luong\":\"1.5 kg \\u0111\\u1ebfn 2.2 kg\"}', 100, 14690000, 0, NULL, 0, 1, 0, 0, 0, '2025-12-09 19:39:39', '2025-12-09 19:42:58'),
(210, 3, 3, 'may-tinh-xach-tay/asus-530f-i3-8145u-4gb-1tb-bq185t--203671-400x400.jpg', 'Asus VivoBook S530FA i3 8145U (BQ185T)', 'asus-530f-i3-8145u-4gb-1tb-bq185t', NULL, '{\"man_hinh\":\"14\\\" \\u0111\\u1ebfn 15.6\\\", Full HD IPS\",\"he_dieu_hanh\":\"Windows 10\",\"cpu\":\"Intel Core i3\\/i5\\/i7 th\\u1ebf h\\u1ec7 10 ho\\u1eb7c 11\",\"ram\":\"4 GB \\u0111\\u1ebfn 16 GB\",\"o_cung\":\"256 GB \\u0111\\u1ebfn 512 GB SSD\",\"card_do_hoa\":\"Intel UHD ho\\u1eb7c NVIDIA MX series\",\"ket_noi\":\"USB 3.0, HDMI, Type-C\",\"pin\":\"L\\u00ean \\u0111\\u1ebfn 8 gi\\u1edd\",\"trong_luong\":\"1.5 kg \\u0111\\u1ebfn 2.2 kg\"}', 100, 11350000, 0, NULL, 0, 1, 0, 0, 0, '2025-12-09 19:39:39', '2025-12-09 19:42:58'),
(211, 3, 3, 'may-tinh-xach-tay/asus-x407uf-bv022t-1-2-201785-400x400.jpg', 'Asus VivoBook X407UF i7 8550U (BV022T)', 'asus-x407uf-bv022t', NULL, '{\"man_hinh\":\"14\\\" \\u0111\\u1ebfn 15.6\\\", Full HD IPS\",\"he_dieu_hanh\":\"Windows 10\",\"cpu\":\"Intel Core i3\\/i5\\/i7 th\\u1ebf h\\u1ec7 10 ho\\u1eb7c 11\",\"ram\":\"4 GB \\u0111\\u1ebfn 16 GB\",\"o_cung\":\"256 GB \\u0111\\u1ebfn 512 GB SSD\",\"card_do_hoa\":\"Intel UHD ho\\u1eb7c NVIDIA MX series\",\"ket_noi\":\"USB 3.0, HDMI, Type-C\",\"pin\":\"L\\u00ean \\u0111\\u1ebfn 8 gi\\u1edd\",\"trong_luong\":\"1.5 kg \\u0111\\u1ebfn 2.2 kg\"}', 100, 16890000, 0, NULL, 0, 1, 0, 0, 0, '2025-12-09 19:39:39', '2025-12-09 19:42:58'),
(212, 3, 3, 'may-tinh-xach-tay/asus-x441ma-ga024t11-191993-400x400.jpg', 'Asus VivoBook X441MA N5000 (GA024T)', 'asus-x441ma-ga024t', NULL, '{\"man_hinh\":\"14\\\" \\u0111\\u1ebfn 15.6\\\", Full HD IPS\",\"he_dieu_hanh\":\"Windows 10\",\"cpu\":\"Intel Core i3\\/i5\\/i7 th\\u1ebf h\\u1ec7 10 ho\\u1eb7c 11\",\"ram\":\"4 GB \\u0111\\u1ebfn 16 GB\",\"o_cung\":\"256 GB \\u0111\\u1ebfn 512 GB SSD\",\"card_do_hoa\":\"Intel UHD ho\\u1eb7c NVIDIA MX series\",\"ket_noi\":\"USB 3.0, HDMI, Type-C\",\"pin\":\"L\\u00ean \\u0111\\u1ebfn 8 gi\\u1edd\",\"trong_luong\":\"1.5 kg \\u0111\\u1ebfn 2.2 kg\"}', 100, 6690000, 0, NULL, 0, 1, 0, 0, 0, '2025-12-09 19:39:39', '2025-12-09 19:42:58'),
(213, 3, 3, 'may-tinh-xach-tay/asus-x507ub-br354t-16-202318-400x400.jpg', 'Asus VivoBook X507UB i7 8550U (BR354T)', 'asus-x507ub-br354t', NULL, '{\"man_hinh\":\"14\\\" \\u0111\\u1ebfn 15.6\\\", Full HD IPS\",\"he_dieu_hanh\":\"Windows 10\",\"cpu\":\"Intel Core i3\\/i5\\/i7 th\\u1ebf h\\u1ec7 10 ho\\u1eb7c 11\",\"ram\":\"4 GB \\u0111\\u1ebfn 16 GB\",\"o_cung\":\"256 GB \\u0111\\u1ebfn 512 GB SSD\",\"card_do_hoa\":\"Intel UHD ho\\u1eb7c NVIDIA MX series\",\"ket_noi\":\"USB 3.0, HDMI, Type-C\",\"pin\":\"L\\u00ean \\u0111\\u1ebfn 8 gi\\u1edd\",\"trong_luong\":\"1.5 kg \\u0111\\u1ebfn 2.2 kg\"}', 100, 16890000, 0, NULL, 0, 1, 0, 0, 0, '2025-12-09 19:39:39', '2025-12-09 19:42:58'),
(214, 3, 3, 'may-tinh-xach-tay/asus-vivobook-x509jp-i5-ej023t-2gb-221617-400x400.jpg', 'Asus VivoBook X509JP i5 1035G1 (EJ023T)', 'asus-vivobook-x509jp-i5-ej023t', NULL, '{\"man_hinh\":\"14\\\" \\u0111\\u1ebfn 15.6\\\", Full HD IPS\",\"he_dieu_hanh\":\"Windows 10\",\"cpu\":\"Intel Core i3\\/i5\\/i7 th\\u1ebf h\\u1ec7 10 ho\\u1eb7c 11\",\"ram\":\"4 GB \\u0111\\u1ebfn 16 GB\",\"o_cung\":\"256 GB \\u0111\\u1ebfn 512 GB SSD\",\"card_do_hoa\":\"Intel UHD ho\\u1eb7c NVIDIA MX series\",\"ket_noi\":\"USB 3.0, HDMI, Type-C\",\"pin\":\"L\\u00ean \\u0111\\u1ebfn 8 gi\\u1edd\",\"trong_luong\":\"1.5 kg \\u0111\\u1ebfn 2.2 kg\"}', 100, 17190000, 0, NULL, 0, 1, 0, 0, 0, '2025-12-09 19:39:39', '2025-12-09 19:42:58'),
(215, 3, 3, 'may-tinh-xach-tay/asus-vivobook-x509m-n5000-ej255t-6-225951-400x400.jpg', 'Asus VivoBook X509M N5000 (EJ255T)', 'asus-vivobook-x509m-n5000-ej255t', NULL, '{\"man_hinh\":\"14\\\" \\u0111\\u1ebfn 15.6\\\", Full HD IPS\",\"he_dieu_hanh\":\"Windows 10\",\"cpu\":\"Intel Core i3\\/i5\\/i7 th\\u1ebf h\\u1ec7 10 ho\\u1eb7c 11\",\"ram\":\"4 GB \\u0111\\u1ebfn 16 GB\",\"o_cung\":\"256 GB \\u0111\\u1ebfn 512 GB SSD\",\"card_do_hoa\":\"Intel UHD ho\\u1eb7c NVIDIA MX series\",\"ket_noi\":\"USB 3.0, HDMI, Type-C\",\"pin\":\"L\\u00ean \\u0111\\u1ebfn 8 gi\\u1edd\",\"trong_luong\":\"1.5 kg \\u0111\\u1ebfn 2.2 kg\"}', 100, 8890000, 0, NULL, 0, 1, 0, 0, 0, '2025-12-09 19:39:39', '2025-12-09 19:42:58'),
(216, 3, 3, 'may-tinh-xach-tay/asus-vivobook-x509ma-n4020-br271t-034520-104519-400x400.jpg', 'Asus VivoBook X509MA N4020 (BR271T)', 'asus-vivobook-x509ma-n4020-br271t', NULL, '{\"man_hinh\":\"14\\\" \\u0111\\u1ebfn 15.6\\\", Full HD IPS\",\"he_dieu_hanh\":\"Windows 10\",\"cpu\":\"Intel Core i3\\/i5\\/i7 th\\u1ebf h\\u1ec7 10 ho\\u1eb7c 11\",\"ram\":\"4 GB \\u0111\\u1ebfn 16 GB\",\"o_cung\":\"256 GB \\u0111\\u1ebfn 512 GB SSD\",\"card_do_hoa\":\"Intel UHD ho\\u1eb7c NVIDIA MX series\",\"ket_noi\":\"USB 3.0, HDMI, Type-C\",\"pin\":\"L\\u00ean \\u0111\\u1ebfn 8 gi\\u1edd\",\"trong_luong\":\"1.5 kg \\u0111\\u1ebfn 2.2 kg\"}', 100, 6990000, 0, NULL, 0, 1, 0, 0, 0, '2025-12-09 19:39:39', '2025-12-09 19:42:58'),
(217, 3, 3, 'may-tinh-xach-tay/asus-vivobook-x509ma-n5030-ej256t-171120-051158-400x400.jpg', 'Asus VivoBook X509MA N5030 (EJ256T)', 'asus-vivobook-x509ma-n5030-ej256t', NULL, '{\"man_hinh\":\"14\\\" \\u0111\\u1ebfn 15.6\\\", Full HD IPS\",\"he_dieu_hanh\":\"Windows 10\",\"cpu\":\"Intel Core i3\\/i5\\/i7 th\\u1ebf h\\u1ec7 10 ho\\u1eb7c 11\",\"ram\":\"4 GB \\u0111\\u1ebfn 16 GB\",\"o_cung\":\"256 GB \\u0111\\u1ebfn 512 GB SSD\",\"card_do_hoa\":\"Intel UHD ho\\u1eb7c NVIDIA MX series\",\"ket_noi\":\"USB 3.0, HDMI, Type-C\",\"pin\":\"L\\u00ean \\u0111\\u1ebfn 8 gi\\u1edd\",\"trong_luong\":\"1.5 kg \\u0111\\u1ebfn 2.2 kg\"}', 100, 8890000, 0, NULL, 0, 1, 0, 0, 0, '2025-12-09 19:39:39', '2025-12-09 19:42:58'),
(218, 3, 4, 'may-tinh-xach-tay/dell-inspiron-5593-i5-7wgnv1-213535-400x400.jpg', 'Dell Inspiron 5593 i5 1035G1 (7WGNV1)', 'dell-inspiron-5593-i5-7wgnv1', NULL, '{\"man_hinh\":\"14\\\" \\u0111\\u1ebfn 15.6\\\", Full HD IPS\",\"he_dieu_hanh\":\"Windows 10\",\"cpu\":\"Intel Core i3\\/i5\\/i7 th\\u1ebf h\\u1ec7 10 ho\\u1eb7c 11\",\"ram\":\"4 GB \\u0111\\u1ebfn 16 GB\",\"o_cung\":\"256 GB \\u0111\\u1ebfn 512 GB SSD\",\"card_do_hoa\":\"Intel UHD ho\\u1eb7c NVIDIA MX series\",\"ket_noi\":\"USB 3.0, HDMI, Type-C\",\"pin\":\"L\\u00ean \\u0111\\u1ebfn 8 gi\\u1edd\",\"trong_luong\":\"1.5 kg \\u0111\\u1ebfn 2.2 kg\"}', 100, 17990000, 0, NULL, 0, 1, 0, 0, 0, '2025-12-09 19:39:39', '2025-12-09 19:42:58'),
(219, 3, 4, 'may-tinh-xach-tay/dell-vostro-3491-i3-70223127-103120-103142-400x400.jpg', 'Dell Vostro 3491 i3 1005G1 (70223127)', 'dell-vostro-3491-i3-70223127', NULL, '{\"man_hinh\":\"14\\\" \\u0111\\u1ebfn 15.6\\\", Full HD IPS\",\"he_dieu_hanh\":\"Windows 10\",\"cpu\":\"Intel Core i3\\/i5\\/i7 th\\u1ebf h\\u1ec7 10 ho\\u1eb7c 11\",\"ram\":\"4 GB \\u0111\\u1ebfn 16 GB\",\"o_cung\":\"256 GB \\u0111\\u1ebfn 512 GB SSD\",\"card_do_hoa\":\"Intel UHD ho\\u1eb7c NVIDIA MX series\",\"ket_noi\":\"USB 3.0, HDMI, Type-C\",\"pin\":\"L\\u00ean \\u0111\\u1ebfn 8 gi\\u1edd\",\"trong_luong\":\"1.5 kg \\u0111\\u1ebfn 2.2 kg\"}', 100, 10990000, 0, NULL, 0, 1, 0, 0, 0, '2025-12-09 19:39:39', '2025-12-09 19:42:58'),
(220, 3, 4, 'may-tinh-xach-tay/dell-vostro-3590-i7-grmgk2-220718-220718-400x400.jpg', 'Dell Vostro 3590 i7 10510U (GRMGK2)', 'dell-vostro-3590-i7-grmgk2', NULL, '{\"man_hinh\":\"14\\\" \\u0111\\u1ebfn 15.6\\\", Full HD IPS\",\"he_dieu_hanh\":\"Windows 10\",\"cpu\":\"Intel Core i3\\/i5\\/i7 th\\u1ebf h\\u1ec7 10 ho\\u1eb7c 11\",\"ram\":\"4 GB \\u0111\\u1ebfn 16 GB\",\"o_cung\":\"256 GB \\u0111\\u1ebfn 512 GB SSD\",\"card_do_hoa\":\"Intel UHD ho\\u1eb7c NVIDIA MX series\",\"ket_noi\":\"USB 3.0, HDMI, Type-C\",\"pin\":\"L\\u00ean \\u0111\\u1ebfn 8 gi\\u1edd\",\"trong_luong\":\"1.5 kg \\u0111\\u1ebfn 2.2 kg\"}', 100, 20990000, 0, NULL, 0, 1, 0, 0, 0, '2025-12-09 19:39:39', '2025-12-09 19:42:58'),
(221, 3, 4, 'may-tinh-xach-tay/dell-vostro-13-5370-i5-7m6d51-160204126-400x400.jpg', 'Dell Vostro 5370 i5 8250U (7M6D51)', 'dell-vostro-13-5370-i5-7m6d51', NULL, '{\"man_hinh\":\"14\\\" \\u0111\\u1ebfn 15.6\\\", Full HD IPS\",\"he_dieu_hanh\":\"Windows 10\",\"cpu\":\"Intel Core i3\\/i5\\/i7 th\\u1ebf h\\u1ec7 10 ho\\u1eb7c 11\",\"ram\":\"4 GB \\u0111\\u1ebfn 16 GB\",\"o_cung\":\"256 GB \\u0111\\u1ebfn 512 GB SSD\",\"card_do_hoa\":\"Intel UHD ho\\u1eb7c NVIDIA MX series\",\"ket_noi\":\"USB 3.0, HDMI, Type-C\",\"pin\":\"L\\u00ean \\u0111\\u1ebfn 8 gi\\u1edd\",\"trong_luong\":\"1.5 kg \\u0111\\u1ebfn 2.2 kg\"}', 100, 18530000, 0, NULL, 0, 1, 0, 0, 0, '2025-12-09 19:39:39', '2025-12-09 19:42:58'),
(222, 3, 4, 'may-tinh-xach-tay/dell-vostro-5490-i7-70223128-095120-105108-400x400.jpg', 'Dell Vostro 5490 i7 10510U (70223128)', 'dell-vostro-5490-i7-70223128', NULL, '{\"man_hinh\":\"14\\\" \\u0111\\u1ebfn 15.6\\\", Full HD IPS\",\"he_dieu_hanh\":\"Windows 10\",\"cpu\":\"Intel Core i3\\/i5\\/i7 th\\u1ebf h\\u1ec7 10 ho\\u1eb7c 11\",\"ram\":\"4 GB \\u0111\\u1ebfn 16 GB\",\"o_cung\":\"256 GB \\u0111\\u1ebfn 512 GB SSD\",\"card_do_hoa\":\"Intel UHD ho\\u1eb7c NVIDIA MX series\",\"ket_noi\":\"USB 3.0, HDMI, Type-C\",\"pin\":\"L\\u00ean \\u0111\\u1ebfn 8 gi\\u1edd\",\"trong_luong\":\"1.5 kg \\u0111\\u1ebfn 2.2 kg\"}', 100, 22490000, 0, NULL, 0, 1, 0, 0, 0, '2025-12-09 19:39:39', '2025-12-09 19:42:58'),
(223, 3, 5, 'may-tinh-xach-tay/hp-15-da0054tu-4me68pa-15-177770-400x400.jpg', 'HP 15 da0054TU i3 7020U (4ME68PA)', 'hp-15-da0054tu-4me68pa', NULL, '{\"man_hinh\":\"14\\\" \\u0111\\u1ebfn 15.6\\\", Full HD IPS\",\"he_dieu_hanh\":\"Windows 10\",\"cpu\":\"Intel Core i3\\/i5\\/i7 th\\u1ebf h\\u1ec7 10 ho\\u1eb7c 11\",\"ram\":\"4 GB \\u0111\\u1ebfn 16 GB\",\"o_cung\":\"256 GB \\u0111\\u1ebfn 512 GB SSD\",\"card_do_hoa\":\"Intel UHD ho\\u1eb7c NVIDIA MX series\",\"ket_noi\":\"USB 3.0, HDMI, Type-C\",\"pin\":\"L\\u00ean \\u0111\\u1ebfn 8 gi\\u1edd\",\"trong_luong\":\"1.5 kg \\u0111\\u1ebfn 2.2 kg\"}', 100, 10690000, 0, NULL, 0, 1, 0, 0, 0, '2025-12-09 19:39:39', '2025-12-09 19:42:58'),
(224, 3, 5, 'may-tinh-xach-tay/hp-15s-du1035tx-i5-8rk36pa-9-216286-400x400.jpg', 'Hp 15s du1035TX i5 10210U (8RK36PA)', 'hp-15s-du1035tx-i5-8rk36pa', NULL, '{\"man_hinh\":\"14\\\" \\u0111\\u1ebfn 15.6\\\", Full HD IPS\",\"he_dieu_hanh\":\"Windows 10\",\"cpu\":\"Intel Core i3\\/i5\\/i7 th\\u1ebf h\\u1ec7 10 ho\\u1eb7c 11\",\"ram\":\"4 GB \\u0111\\u1ebfn 16 GB\",\"o_cung\":\"256 GB \\u0111\\u1ebfn 512 GB SSD\",\"card_do_hoa\":\"Intel UHD ho\\u1eb7c NVIDIA MX series\",\"ket_noi\":\"USB 3.0, HDMI, Type-C\",\"pin\":\"L\\u00ean \\u0111\\u1ebfn 8 gi\\u1edd\",\"trong_luong\":\"1.5 kg \\u0111\\u1ebfn 2.2 kg\"}', 100, 16990000, 0, NULL, 0, 1, 0, 0, 0, '2025-12-09 19:39:39', '2025-12-09 19:42:58'),
(225, 3, 5, 'may-tinh-xach-tay/hp-15s-du1056tu-6405u-1w7r5pa-400x400.jpg', 'HP 15s du1056TU 6405U (1W7R5PA)', 'hp-15s-du1056tu-6405u-1w7r5pa', NULL, '{\"man_hinh\":\"14\\\" \\u0111\\u1ebfn 15.6\\\", Full HD IPS\",\"he_dieu_hanh\":\"Windows 10\",\"cpu\":\"Intel Core i3\\/i5\\/i7 th\\u1ebf h\\u1ec7 10 ho\\u1eb7c 11\",\"ram\":\"4 GB \\u0111\\u1ebfn 16 GB\",\"o_cung\":\"256 GB \\u0111\\u1ebfn 512 GB SSD\",\"card_do_hoa\":\"Intel UHD ho\\u1eb7c NVIDIA MX series\",\"ket_noi\":\"USB 3.0, HDMI, Type-C\",\"pin\":\"L\\u00ean \\u0111\\u1ebfn 8 gi\\u1edd\",\"trong_luong\":\"1.5 kg \\u0111\\u1ebfn 2.2 kg\"}', 100, 8890000, 0, NULL, 0, 1, 0, 0, 0, '2025-12-09 19:39:39', '2025-12-09 19:42:58'),
(226, 3, 5, 'may-tinh-xach-tay/hp-15s-du1076tx-i5-8gb-10210u-512gb-2gb-mx130-win1-400x400.jpg', 'HP 15s du1076TX i5 10210U (1R8E2PA)', 'hp-15s-du1076tx-i5-1r8e2pa', NULL, '{\"man_hinh\":\"14\\\" \\u0111\\u1ebfn 15.6\\\", Full HD IPS\",\"he_dieu_hanh\":\"Windows 10\",\"cpu\":\"Intel Core i3\\/i5\\/i7 th\\u1ebf h\\u1ec7 10 ho\\u1eb7c 11\",\"ram\":\"4 GB \\u0111\\u1ebfn 16 GB\",\"o_cung\":\"256 GB \\u0111\\u1ebfn 512 GB SSD\",\"card_do_hoa\":\"Intel UHD ho\\u1eb7c NVIDIA MX series\",\"ket_noi\":\"USB 3.0, HDMI, Type-C\",\"pin\":\"L\\u00ean \\u0111\\u1ebfn 8 gi\\u1edd\",\"trong_luong\":\"1.5 kg \\u0111\\u1ebfn 2.2 kg\"}', 100, 17490000, 0, NULL, 0, 1, 0, 0, 0, '2025-12-09 19:39:39', '2025-12-09 19:42:58'),
(227, 3, 5, 'may-tinh-xach-tay/hp-15s-du1103tu-i5-2w7j7pa-400x400.jpg', 'HP 15s du1103TU i5 10210U (2W7J7PA)', 'hp-15s-du1103tu-i5-2w7j7pa', NULL, '{\"man_hinh\":\"14\\\" \\u0111\\u1ebfn 15.6\\\", Full HD IPS\",\"he_dieu_hanh\":\"Windows 10\",\"cpu\":\"Intel Core i3\\/i5\\/i7 th\\u1ebf h\\u1ec7 10 ho\\u1eb7c 11\",\"ram\":\"4 GB \\u0111\\u1ebfn 16 GB\",\"o_cung\":\"256 GB \\u0111\\u1ebfn 512 GB SSD\",\"card_do_hoa\":\"Intel UHD ho\\u1eb7c NVIDIA MX series\",\"ket_noi\":\"USB 3.0, HDMI, Type-C\",\"pin\":\"L\\u00ean \\u0111\\u1ebfn 8 gi\\u1edd\",\"trong_luong\":\"1.5 kg \\u0111\\u1ebfn 2.2 kg\"}', 100, 16490000, 0, NULL, 0, 1, 0, 0, 0, '2025-12-09 19:39:39', '2025-12-09 19:42:58'),
(228, 3, 5, 'may-tinh-xach-tay/hp-15s-du2050tx-i3-1m8w2pa-usb-224065-400x400.jpg', 'HP 15s du2050TX i3 1005G1 (1M8W2PA)', 'hp-15s-du2050tx-i3-1m8w2pa', NULL, '{\"man_hinh\":\"14\\\" \\u0111\\u1ebfn 15.6\\\", Full HD IPS\",\"he_dieu_hanh\":\"Windows 10\",\"cpu\":\"Intel Core i3\\/i5\\/i7 th\\u1ebf h\\u1ec7 10 ho\\u1eb7c 11\",\"ram\":\"4 GB \\u0111\\u1ebfn 16 GB\",\"o_cung\":\"256 GB \\u0111\\u1ebfn 512 GB SSD\",\"card_do_hoa\":\"Intel UHD ho\\u1eb7c NVIDIA MX series\",\"ket_noi\":\"USB 3.0, HDMI, Type-C\",\"pin\":\"L\\u00ean \\u0111\\u1ebfn 8 gi\\u1edd\",\"trong_luong\":\"1.5 kg \\u0111\\u1ebfn 2.2 kg\"}', 100, 12390000, 0, NULL, 0, 1, 0, 0, 0, '2025-12-09 19:39:39', '2025-12-09 19:42:58'),
(229, 3, 5, 'may-tinh-xach-tay/hp-15s-fq0004tu-n5000-1a0d5pa-224010-1-400x400.jpg', 'HP 15s fq0004TU N5000 (1A0D5PA)', 'hp-15s-fq0004tu-n5000-1a0d5pa', NULL, '{\"man_hinh\":\"14\\\" \\u0111\\u1ebfn 15.6\\\", Full HD IPS\",\"he_dieu_hanh\":\"Windows 10\",\"cpu\":\"Intel Core i3\\/i5\\/i7 th\\u1ebf h\\u1ec7 10 ho\\u1eb7c 11\",\"ram\":\"4 GB \\u0111\\u1ebfn 16 GB\",\"o_cung\":\"256 GB \\u0111\\u1ebfn 512 GB SSD\",\"card_do_hoa\":\"Intel UHD ho\\u1eb7c NVIDIA MX series\",\"ket_noi\":\"USB 3.0, HDMI, Type-C\",\"pin\":\"L\\u00ean \\u0111\\u1ebfn 8 gi\\u1edd\",\"trong_luong\":\"1.5 kg \\u0111\\u1ebfn 2.2 kg\"}', 100, 8490000, 0, NULL, 0, 1, 0, 0, 0, '2025-12-09 19:39:39', '2025-12-09 19:42:58'),
(230, 3, 5, 'may-tinh-xach-tay/hp-15s-fq1105tu-i5-193p7pa-223682-1-400x400.jpg', 'HP 15s fq1105TU i5 1035G1 (193P7PA)', 'hp-15s-fq1105tu-i5-193p7pa', NULL, '{\"man_hinh\":\"14\\\" \\u0111\\u1ebfn 15.6\\\", Full HD IPS\",\"he_dieu_hanh\":\"Windows 10\",\"cpu\":\"Intel Core i3\\/i5\\/i7 th\\u1ebf h\\u1ec7 10 ho\\u1eb7c 11\",\"ram\":\"4 GB \\u0111\\u1ebfn 16 GB\",\"o_cung\":\"256 GB \\u0111\\u1ebfn 512 GB SSD\",\"card_do_hoa\":\"Intel UHD ho\\u1eb7c NVIDIA MX series\",\"ket_noi\":\"USB 3.0, HDMI, Type-C\",\"pin\":\"L\\u00ean \\u0111\\u1ebfn 8 gi\\u1edd\",\"trong_luong\":\"1.5 kg \\u0111\\u1ebfn 2.2 kg\"}', 100, 16490000, 0, NULL, 0, 1, 0, 0, 0, '2025-12-09 19:39:39', '2025-12-09 19:42:58'),
(231, 3, 5, 'may-tinh-xach-tay/hp-15s-fq1111tu-i3-193r0pa-224012-224012-400x400.jpg', 'HP 15s fq1111TU i3 1005G1 (193R0PA)', 'hp-15s-fq1111tu-i3-193r0pa', NULL, '{\"man_hinh\":\"14\\\" \\u0111\\u1ebfn 15.6\\\", Full HD IPS\",\"he_dieu_hanh\":\"Windows 10\",\"cpu\":\"Intel Core i3\\/i5\\/i7 th\\u1ebf h\\u1ec7 10 ho\\u1eb7c 11\",\"ram\":\"4 GB \\u0111\\u1ebfn 16 GB\",\"o_cung\":\"256 GB \\u0111\\u1ebfn 512 GB SSD\",\"card_do_hoa\":\"Intel UHD ho\\u1eb7c NVIDIA MX series\",\"ket_noi\":\"USB 3.0, HDMI, Type-C\",\"pin\":\"L\\u00ean \\u0111\\u1ebfn 8 gi\\u1edd\",\"trong_luong\":\"1.5 kg \\u0111\\u1ebfn 2.2 kg\"}', 100, 11390000, 0, NULL, 0, 1, 0, 0, 0, '2025-12-09 19:39:39', '2025-12-09 19:42:58'),
(232, 3, 5, 'may-tinh-xach-tay/hp-348-g7-i3-1a0z1pa-1-225549-400x400.jpg', 'HP 348 G7 i3 8130U (1A0Z1PA)', 'hp-348-g7-i3-1a0z1pa', NULL, '{\"man_hinh\":\"14\\\" \\u0111\\u1ebfn 15.6\\\", Full HD IPS\",\"he_dieu_hanh\":\"Windows 10\",\"cpu\":\"Intel Core i3\\/i5\\/i7 th\\u1ebf h\\u1ec7 10 ho\\u1eb7c 11\",\"ram\":\"4 GB \\u0111\\u1ebfn 16 GB\",\"o_cung\":\"256 GB \\u0111\\u1ebfn 512 GB SSD\",\"card_do_hoa\":\"Intel UHD ho\\u1eb7c NVIDIA MX series\",\"ket_noi\":\"USB 3.0, HDMI, Type-C\",\"pin\":\"L\\u00ean \\u0111\\u1ebfn 8 gi\\u1edd\",\"trong_luong\":\"1.5 kg \\u0111\\u1ebfn 2.2 kg\"}', 100, 11990000, 0, NULL, 0, 1, 0, 0, 0, '2025-12-09 19:39:39', '2025-12-09 19:42:58'),
(233, 3, 5, 'may-tinh-xach-tay/hp-348-g7-i3-9pg83pa-221511-400x400.jpg', 'HP 348 G7 i3 8130U (9PG83PA)', 'hp-348-g7-i3-9pg83pa', NULL, '{\"man_hinh\":\"14\\\" \\u0111\\u1ebfn 15.6\\\", Full HD IPS\",\"he_dieu_hanh\":\"Windows 10\",\"cpu\":\"Intel Core i3\\/i5\\/i7 th\\u1ebf h\\u1ec7 10 ho\\u1eb7c 11\",\"ram\":\"4 GB \\u0111\\u1ebfn 16 GB\",\"o_cung\":\"256 GB \\u0111\\u1ebfn 512 GB SSD\",\"card_do_hoa\":\"Intel UHD ho\\u1eb7c NVIDIA MX series\",\"ket_noi\":\"USB 3.0, HDMI, Type-C\",\"pin\":\"L\\u00ean \\u0111\\u1ebfn 8 gi\\u1edd\",\"trong_luong\":\"1.5 kg \\u0111\\u1ebfn 2.2 kg\"}', 100, 10990000, 0, NULL, 0, 1, 0, 0, 0, '2025-12-09 19:39:39', '2025-12-09 19:42:58'),
(234, 3, 5, 'may-tinh-xach-tay/hp-348-g7-i5-9ph06pa-kg2-1-218439-400x400.jpg', 'HP 348 G7 i5 10210U (9PH06PA)', 'hp-348-g7-i5-9ph06pa', NULL, '{\"man_hinh\":\"14\\\" \\u0111\\u1ebfn 15.6\\\", Full HD IPS\",\"he_dieu_hanh\":\"Windows 10\",\"cpu\":\"Intel Core i3\\/i5\\/i7 th\\u1ebf h\\u1ec7 10 ho\\u1eb7c 11\",\"ram\":\"4 GB \\u0111\\u1ebfn 16 GB\",\"o_cung\":\"256 GB \\u0111\\u1ebfn 512 GB SSD\",\"card_do_hoa\":\"Intel UHD ho\\u1eb7c NVIDIA MX series\",\"ket_noi\":\"USB 3.0, HDMI, Type-C\",\"pin\":\"L\\u00ean \\u0111\\u1ebfn 8 gi\\u1edd\",\"trong_luong\":\"1.5 kg \\u0111\\u1ebfn 2.2 kg\"}', 100, 15990000, 0, NULL, 0, 1, 0, 0, 0, '2025-12-09 19:39:39', '2025-12-09 19:42:58'),
(235, 3, 5, 'may-tinh-xach-tay/hp-envy-13-aq1047tu-i7-8xs69pa-031320-041356-400x400.jpg', 'HP Envy 13 aq1047TU i7 10510U (8XS69PA)', 'hp-envy-13-aq1047tu-i7-8xs69pa', NULL, '{\"man_hinh\":\"14\\\" \\u0111\\u1ebfn 15.6\\\", Full HD IPS\",\"he_dieu_hanh\":\"Windows 10\",\"cpu\":\"Intel Core i3\\/i5\\/i7 th\\u1ebf h\\u1ec7 10 ho\\u1eb7c 11\",\"ram\":\"4 GB \\u0111\\u1ebfn 16 GB\",\"o_cung\":\"256 GB \\u0111\\u1ebfn 512 GB SSD\",\"card_do_hoa\":\"Intel UHD ho\\u1eb7c NVIDIA MX series\",\"ket_noi\":\"USB 3.0, HDMI, Type-C\",\"pin\":\"L\\u00ean \\u0111\\u1ebfn 8 gi\\u1edd\",\"trong_luong\":\"1.5 kg \\u0111\\u1ebfn 2.2 kg\"}', 100, 28490000, 0, NULL, 0, 1, 0, 0, 0, '2025-12-09 19:39:39', '2025-12-09 19:42:58'),
(236, 3, 5, 'may-tinh-xach-tay/hp-envy-13-i7-8xs68pa-220503-220503-400x400.jpg', 'HP Envy 13 aq1057TX i7 10510U (8XS68PA)', 'hp-envy-13-i7-8xs68pa', NULL, '{\"man_hinh\":\"14\\\" \\u0111\\u1ebfn 15.6\\\", Full HD IPS\",\"he_dieu_hanh\":\"Windows 10\",\"cpu\":\"Intel Core i3\\/i5\\/i7 th\\u1ebf h\\u1ec7 10 ho\\u1eb7c 11\",\"ram\":\"4 GB \\u0111\\u1ebfn 16 GB\",\"o_cung\":\"256 GB \\u0111\\u1ebfn 512 GB SSD\",\"card_do_hoa\":\"Intel UHD ho\\u1eb7c NVIDIA MX series\",\"ket_noi\":\"USB 3.0, HDMI, Type-C\",\"pin\":\"L\\u00ean \\u0111\\u1ebfn 8 gi\\u1edd\",\"trong_luong\":\"1.5 kg \\u0111\\u1ebfn 2.2 kg\"}', 100, 29990000, 0, NULL, 0, 1, 0, 0, 0, '2025-12-09 19:39:39', '2025-12-09 19:42:58'),
(237, 3, 5, 'may-tinh-xach-tay/hp-envy-13-ba0045tu-i5-171m2pa-225690-400x400.jpg', 'HP Envy 13 ba0045TU i5 1035G4 (171M2PA)', 'hp-envy-13-ba0045tu-i5-171m2pa', NULL, '{\"man_hinh\":\"14\\\" \\u0111\\u1ebfn 15.6\\\", Full HD IPS\",\"he_dieu_hanh\":\"Windows 10\",\"cpu\":\"Intel Core i3\\/i5\\/i7 th\\u1ebf h\\u1ec7 10 ho\\u1eb7c 11\",\"ram\":\"4 GB \\u0111\\u1ebfn 16 GB\",\"o_cung\":\"256 GB \\u0111\\u1ebfn 512 GB SSD\",\"card_do_hoa\":\"Intel UHD ho\\u1eb7c NVIDIA MX series\",\"ket_noi\":\"USB 3.0, HDMI, Type-C\",\"pin\":\"L\\u00ean \\u0111\\u1ebfn 8 gi\\u1edd\",\"trong_luong\":\"1.5 kg \\u0111\\u1ebfn 2.2 kg\"}', 100, 21990000, 0, NULL, 0, 1, 0, 0, 0, '2025-12-09 19:39:39', '2025-12-09 19:42:58'),
(238, 3, 5, 'may-tinh-xach-tay/hp-envy-13-ba0046tu-i5-171m7pa-225859-400x400.jpg', 'HP Envy 13 ba0046TU i5 1035G4 (171M7PA)', 'hp-envy-13-ba0046tu-i5-171m7pa', NULL, '{\"man_hinh\":\"14\\\" \\u0111\\u1ebfn 15.6\\\", Full HD IPS\",\"he_dieu_hanh\":\"Windows 10\",\"cpu\":\"Intel Core i3\\/i5\\/i7 th\\u1ebf h\\u1ec7 10 ho\\u1eb7c 11\",\"ram\":\"4 GB \\u0111\\u1ebfn 16 GB\",\"o_cung\":\"256 GB \\u0111\\u1ebfn 512 GB SSD\",\"card_do_hoa\":\"Intel UHD ho\\u1eb7c NVIDIA MX series\",\"ket_noi\":\"USB 3.0, HDMI, Type-C\",\"pin\":\"L\\u00ean \\u0111\\u1ebfn 8 gi\\u1edd\",\"trong_luong\":\"1.5 kg \\u0111\\u1ebfn 2.2 kg\"}', 100, 22990000, 0, NULL, 0, 1, 0, 0, 0, '2025-12-09 19:39:39', '2025-12-09 19:42:58'),
(239, 3, 5, 'may-tinh-xach-tay/hp-envy-13-ba1027tu-i5-2k0b1pa-103520-093545-400x400.jpg', 'HP Envy 13 ba1027TU i5 1135G7 (2K0B1PA)', 'hp-envy-13-ba1027tu-i5-2k0b1pa', NULL, '{\"man_hinh\":\"14\\\" \\u0111\\u1ebfn 15.6\\\", Full HD IPS\",\"he_dieu_hanh\":\"Windows 10\",\"cpu\":\"Intel Core i3\\/i5\\/i7 th\\u1ebf h\\u1ec7 10 ho\\u1eb7c 11\",\"ram\":\"4 GB \\u0111\\u1ebfn 16 GB\",\"o_cung\":\"256 GB \\u0111\\u1ebfn 512 GB SSD\",\"card_do_hoa\":\"Intel UHD ho\\u1eb7c NVIDIA MX series\",\"ket_noi\":\"USB 3.0, HDMI, Type-C\",\"pin\":\"L\\u00ean \\u0111\\u1ebfn 8 gi\\u1edd\",\"trong_luong\":\"1.5 kg \\u0111\\u1ebfn 2.2 kg\"}', 100, 22590000, 0, NULL, 0, 1, 0, 0, 0, '2025-12-09 19:39:39', '2025-12-09 19:42:58'),
(240, 3, 5, 'may-tinh-xach-tay/hp-envy-13-ba1030tu-i7-2k0b6pa-101820-091857-400x400.jpg', 'HP Envy 13 ba1030TU i7 1165G7 (2K0B6PA)', 'hp-envy-13-ba1030tu-i7-2k0b6pa', NULL, '{\"man_hinh\":\"14\\\" \\u0111\\u1ebfn 15.6\\\", Full HD IPS\",\"he_dieu_hanh\":\"Windows 10\",\"cpu\":\"Intel Core i3\\/i5\\/i7 th\\u1ebf h\\u1ec7 10 ho\\u1eb7c 11\",\"ram\":\"4 GB \\u0111\\u1ebfn 16 GB\",\"o_cung\":\"256 GB \\u0111\\u1ebfn 512 GB SSD\",\"card_do_hoa\":\"Intel UHD ho\\u1eb7c NVIDIA MX series\",\"ket_noi\":\"USB 3.0, HDMI, Type-C\",\"pin\":\"L\\u00ean \\u0111\\u1ebfn 8 gi\\u1edd\",\"trong_luong\":\"1.5 kg \\u0111\\u1ebfn 2.2 kg\"}', 100, 28490000, 0, NULL, 0, 1, 0, 0, 0, '2025-12-09 19:39:39', '2025-12-09 19:42:58'),
(241, 3, 5, 'may-tinh-xach-tay/hp-pavilon-14-ce2035tu-i3-6yz18pa-207533-400x400.jpg', 'HP Pavilion 14 ce2035tu i3 8145U (6YZ18PA)', 'hp-pavilon-14-ce2035tu-i3-6yz18pa', NULL, '{\"man_hinh\":\"14\\\" \\u0111\\u1ebfn 15.6\\\", Full HD IPS\",\"he_dieu_hanh\":\"Windows 10\",\"cpu\":\"Intel Core i3\\/i5\\/i7 th\\u1ebf h\\u1ec7 10 ho\\u1eb7c 11\",\"ram\":\"4 GB \\u0111\\u1ebfn 16 GB\",\"o_cung\":\"256 GB \\u0111\\u1ebfn 512 GB SSD\",\"card_do_hoa\":\"Intel UHD ho\\u1eb7c NVIDIA MX series\",\"ket_noi\":\"USB 3.0, HDMI, Type-C\",\"pin\":\"L\\u00ean \\u0111\\u1ebfn 8 gi\\u1edd\",\"trong_luong\":\"1.5 kg \\u0111\\u1ebfn 2.2 kg\"}', 100, 12990000, 0, NULL, 0, 1, 0, 0, 0, '2025-12-09 19:39:39', '2025-12-09 19:42:58'),
(242, 3, 5, 'may-tinh-xach-tay/hp-pavilion-14-ce3067tu-i5-1a1m7pa-224066-2-400x400.jpg', 'HP Pavilion 14 ce3067TU i5 1035G1 (1A1M7PA)', 'hp-pavilion-14-ce3067tu-i5-1a1m7pa', NULL, '{\"man_hinh\":\"14\\\" \\u0111\\u1ebfn 15.6\\\", Full HD IPS\",\"he_dieu_hanh\":\"Windows 10\",\"cpu\":\"Intel Core i3\\/i5\\/i7 th\\u1ebf h\\u1ec7 10 ho\\u1eb7c 11\",\"ram\":\"4 GB \\u0111\\u1ebfn 16 GB\",\"o_cung\":\"256 GB \\u0111\\u1ebfn 512 GB SSD\",\"card_do_hoa\":\"Intel UHD ho\\u1eb7c NVIDIA MX series\",\"ket_noi\":\"USB 3.0, HDMI, Type-C\",\"pin\":\"L\\u00ean \\u0111\\u1ebfn 8 gi\\u1edd\",\"trong_luong\":\"1.5 kg \\u0111\\u1ebfn 2.2 kg\"}', 100, 17990000, 0, NULL, 0, 1, 0, 0, 0, '2025-12-09 19:39:39', '2025-12-09 19:42:58'),
(243, 3, 5, 'may-tinh-xach-tay/hp-pavilion-15-cs3010tu-i3-8qn78pa-220955-1-400x400.jpg', 'HP Pavilion 15 cs3010TU i3 1005G1 (8QN78PA)', 'hp-pavilion-15-cs3010tu-i3-8qn78pa', NULL, '{\"man_hinh\":\"14\\\" \\u0111\\u1ebfn 15.6\\\", Full HD IPS\",\"he_dieu_hanh\":\"Windows 10\",\"cpu\":\"Intel Core i3\\/i5\\/i7 th\\u1ebf h\\u1ec7 10 ho\\u1eb7c 11\",\"ram\":\"4 GB \\u0111\\u1ebfn 16 GB\",\"o_cung\":\"256 GB \\u0111\\u1ebfn 512 GB SSD\",\"card_do_hoa\":\"Intel UHD ho\\u1eb7c NVIDIA MX series\",\"ket_noi\":\"USB 3.0, HDMI, Type-C\",\"pin\":\"L\\u00ean \\u0111\\u1ebfn 8 gi\\u1edd\",\"trong_luong\":\"1.5 kg \\u0111\\u1ebfn 2.2 kg\"}', 100, 13590000, 0, NULL, 0, 1, 0, 0, 0, '2025-12-09 19:39:39', '2025-12-09 19:42:58'),
(244, 3, 5, 'may-tinh-xach-tay/hp-pavilion-15-cs3061tx-i5-8re83pa-29-216088-400x400.jpg', 'HP Pavilion 15 cs3061TX i5 1035G1 (8RE83PA)', 'hp-pavilion-15-cs3061tx-i5-8re83pa', NULL, '{\"man_hinh\":\"14\\\" \\u0111\\u1ebfn 15.6\\\", Full HD IPS\",\"he_dieu_hanh\":\"Windows 10\",\"cpu\":\"Intel Core i3\\/i5\\/i7 th\\u1ebf h\\u1ec7 10 ho\\u1eb7c 11\",\"ram\":\"4 GB \\u0111\\u1ebfn 16 GB\",\"o_cung\":\"256 GB \\u0111\\u1ebfn 512 GB SSD\",\"card_do_hoa\":\"Intel UHD ho\\u1eb7c NVIDIA MX series\",\"ket_noi\":\"USB 3.0, HDMI, Type-C\",\"pin\":\"L\\u00ean \\u0111\\u1ebfn 8 gi\\u1edd\",\"trong_luong\":\"1.5 kg \\u0111\\u1ebfn 2.2 kg\"}', 100, 18190000, 0, NULL, 0, 1, 0, 0, 0, '2025-12-09 19:39:39', '2025-12-09 19:42:58'),
(245, 3, 5, 'may-tinh-xach-tay/hp-pavilion-x360-dw0060tu-i3-195m8pa-225695-400x400.jpg', 'HP Pavilion x360 14 dw0060TU i3 1005G1 (195M8PA)', 'hp-pavilion-x360-dw0060tu-i3-195m8pa', NULL, '{\"man_hinh\":\"14\\\" \\u0111\\u1ebfn 15.6\\\", Full HD IPS\",\"he_dieu_hanh\":\"Windows 10\",\"cpu\":\"Intel Core i3\\/i5\\/i7 th\\u1ebf h\\u1ec7 10 ho\\u1eb7c 11\",\"ram\":\"4 GB \\u0111\\u1ebfn 16 GB\",\"o_cung\":\"256 GB \\u0111\\u1ebfn 512 GB SSD\",\"card_do_hoa\":\"Intel UHD ho\\u1eb7c NVIDIA MX series\",\"ket_noi\":\"USB 3.0, HDMI, Type-C\",\"pin\":\"L\\u00ean \\u0111\\u1ebfn 8 gi\\u1edd\",\"trong_luong\":\"1.5 kg \\u0111\\u1ebfn 2.2 kg\"}', 100, 14190000, 0, NULL, 0, 1, 0, 0, 0, '2025-12-09 19:39:39', '2025-12-09 19:42:58'),
(246, 3, 5, 'may-tinh-xach-tay/hp-zbook-firefly-14-g7-i5-8vk70av-075920-025914-400x400.jpg', 'HP ZBook FireFly 14 G7 i5 10210U (8VK70AV)', 'hp-zbook-firefly-14-g7-i5-8vk70av', NULL, '{\"man_hinh\":\"14\\\" \\u0111\\u1ebfn 15.6\\\", Full HD IPS\",\"he_dieu_hanh\":\"Windows 10\",\"cpu\":\"Intel Core i3\\/i5\\/i7 th\\u1ebf h\\u1ec7 10 ho\\u1eb7c 11\",\"ram\":\"4 GB \\u0111\\u1ebfn 16 GB\",\"o_cung\":\"256 GB \\u0111\\u1ebfn 512 GB SSD\",\"card_do_hoa\":\"Intel UHD ho\\u1eb7c NVIDIA MX series\",\"ket_noi\":\"USB 3.0, HDMI, Type-C\",\"pin\":\"L\\u00ean \\u0111\\u1ebfn 8 gi\\u1edd\",\"trong_luong\":\"1.5 kg \\u0111\\u1ebfn 2.2 kg\"}', 100, 31890000, 0, NULL, 0, 1, 0, 0, 0, '2025-12-09 19:39:39', '2025-12-09 19:42:58'),
(247, 3, 5, 'may-tinh-xach-tay/hp-zbook-firefly-14-g7-i7-8vk71av-092020-092039-400x400.jpg', 'HP Zbook Firefly 14 G7 i7 10510U (8VK71AV)', 'hp-zbook-firefly-14-g7-i7-8vk71av', NULL, '{\"man_hinh\":\"14\\\" \\u0111\\u1ebfn 15.6\\\", Full HD IPS\",\"he_dieu_hanh\":\"Windows 10\",\"cpu\":\"Intel Core i3\\/i5\\/i7 th\\u1ebf h\\u1ec7 10 ho\\u1eb7c 11\",\"ram\":\"4 GB \\u0111\\u1ebfn 16 GB\",\"o_cung\":\"256 GB \\u0111\\u1ebfn 512 GB SSD\",\"card_do_hoa\":\"Intel UHD ho\\u1eb7c NVIDIA MX series\",\"ket_noi\":\"USB 3.0, HDMI, Type-C\",\"pin\":\"L\\u00ean \\u0111\\u1ebfn 8 gi\\u1edd\",\"trong_luong\":\"1.5 kg \\u0111\\u1ebfn 2.2 kg\"}', 100, 38890000, 0, NULL, 0, 1, 0, 0, 0, '2025-12-09 19:39:39', '2025-12-09 19:42:58'),
(248, 3, 6, 'may-tinh-xach-tay/huawei-matebook-d15-r5-3500u-kg-kg-224257-400x400.jpg', 'Huawei MateBook D 15 R5 3500U', 'huawei-matebook-d15-r5-3500u', NULL, '{\"man_hinh\":\"14\\\" \\u0111\\u1ebfn 15.6\\\", Full HD IPS\",\"he_dieu_hanh\":\"Windows 10\",\"cpu\":\"Intel Core i3\\/i5\\/i7 th\\u1ebf h\\u1ec7 10 ho\\u1eb7c 11\",\"ram\":\"4 GB \\u0111\\u1ebfn 16 GB\",\"o_cung\":\"256 GB \\u0111\\u1ebfn 512 GB SSD\",\"card_do_hoa\":\"Intel UHD ho\\u1eb7c NVIDIA MX series\",\"ket_noi\":\"USB 3.0, HDMI, Type-C\",\"pin\":\"L\\u00ean \\u0111\\u1ebfn 8 gi\\u1edd\",\"trong_luong\":\"1.5 kg \\u0111\\u1ebfn 2.2 kg\"}', 100, 15990000, 0, NULL, 0, 1, 0, 0, 0, '2025-12-09 19:39:39', '2025-12-09 19:42:58'),
(249, 3, 6, 'may-tinh-xach-tay/huawei-matebook-d-15-r5-bohwaq9r-250520-020512-400x400.jpg', 'Huawei MateBook D 15 R5 3500U (Boh-WAQ9CR)', 'huawei-matebook-d-15-r5-bohwaq9r', NULL, '{\"man_hinh\":\"14\\\" \\u0111\\u1ebfn 15.6\\\", Full HD IPS\",\"he_dieu_hanh\":\"Windows 10\",\"cpu\":\"Intel Core i3\\/i5\\/i7 th\\u1ebf h\\u1ec7 10 ho\\u1eb7c 11\",\"ram\":\"4 GB \\u0111\\u1ebfn 16 GB\",\"o_cung\":\"256 GB \\u0111\\u1ebfn 512 GB SSD\",\"card_do_hoa\":\"Intel UHD ho\\u1eb7c NVIDIA MX series\",\"ket_noi\":\"USB 3.0, HDMI, Type-C\",\"pin\":\"L\\u00ean \\u0111\\u1ebfn 8 gi\\u1edd\",\"trong_luong\":\"1.5 kg \\u0111\\u1ebfn 2.2 kg\"}', 100, 16490000, 0, NULL, 0, 1, 0, 0, 0, '2025-12-09 19:39:39', '2025-12-09 19:42:58'),
(250, 3, 8, 'may-tinh-xach-tay/lenovo-ideapad-c340-14iml-i5-81tk007qvn-pin-213525-400x400.jpg', 'Lenovo IdeaPad C340 14IML i5 10210U (81TK007QVN)', 'lenovo-ideapad-c340-14iml-i5-81tk007qvn', NULL, '{\"man_hinh\":\"14\\\" \\u0111\\u1ebfn 15.6\\\", Full HD IPS\",\"he_dieu_hanh\":\"Windows 10\",\"cpu\":\"Intel Core i3\\/i5\\/i7 th\\u1ebf h\\u1ec7 10 ho\\u1eb7c 11\",\"ram\":\"4 GB \\u0111\\u1ebfn 16 GB\",\"o_cung\":\"256 GB \\u0111\\u1ebfn 512 GB SSD\",\"card_do_hoa\":\"Intel UHD ho\\u1eb7c NVIDIA MX series\",\"ket_noi\":\"USB 3.0, HDMI, Type-C\",\"pin\":\"L\\u00ean \\u0111\\u1ebfn 8 gi\\u1edd\",\"trong_luong\":\"1.5 kg \\u0111\\u1ebfn 2.2 kg\"}', 100, 13080000, 0, NULL, 0, 1, 0, 0, 0, '2025-12-09 19:39:39', '2025-12-09 19:42:58'),
(251, 3, 8, 'may-tinh-xach-tay/lenovo-ideapad-s340-i5-81vw00a8vn-1-217440-400x400.jpg', 'Lenovo IdeaPad S340 15IIL i5 1035G4 (81VW00A8VN)', 'lenovo-ideapad-s340-i5-81vw00a8vn', NULL, '{\"man_hinh\":\"14\\\" \\u0111\\u1ebfn 15.6\\\", Full HD IPS\",\"he_dieu_hanh\":\"Windows 10\",\"cpu\":\"Intel Core i3\\/i5\\/i7 th\\u1ebf h\\u1ec7 10 ho\\u1eb7c 11\",\"ram\":\"4 GB \\u0111\\u1ebfn 16 GB\",\"o_cung\":\"256 GB \\u0111\\u1ebfn 512 GB SSD\",\"card_do_hoa\":\"Intel UHD ho\\u1eb7c NVIDIA MX series\",\"ket_noi\":\"USB 3.0, HDMI, Type-C\",\"pin\":\"L\\u00ean \\u0111\\u1ebfn 8 gi\\u1edd\",\"trong_luong\":\"1.5 kg \\u0111\\u1ebfn 2.2 kg\"}', 100, 16290000, 0, NULL, 0, 1, 0, 0, 0, '2025-12-09 19:39:39', '2025-12-09 19:42:58'),
(252, 3, 8, 'may-tinh-xach-tay/lenovo-ideapad-s340-i7-81vw007avn-13-217441-400x400.jpg', 'Lenovo IdeaPad S340 15IIL i7 1065G7 (81VW007AVN)', 'lenovo-ideapad-s340-i7-81vw007avn', NULL, '{\"man_hinh\":\"14\\\" \\u0111\\u1ebfn 15.6\\\", Full HD IPS\",\"he_dieu_hanh\":\"Windows 10\",\"cpu\":\"Intel Core i3\\/i5\\/i7 th\\u1ebf h\\u1ec7 10 ho\\u1eb7c 11\",\"ram\":\"4 GB \\u0111\\u1ebfn 16 GB\",\"o_cung\":\"256 GB \\u0111\\u1ebfn 512 GB SSD\",\"card_do_hoa\":\"Intel UHD ho\\u1eb7c NVIDIA MX series\",\"ket_noi\":\"USB 3.0, HDMI, Type-C\",\"pin\":\"L\\u00ean \\u0111\\u1ebfn 8 gi\\u1edd\",\"trong_luong\":\"1.5 kg \\u0111\\u1ebfn 2.2 kg\"}', 100, 19290000, 0, NULL, 0, 1, 0, 0, 0, '2025-12-09 19:39:39', '2025-12-09 19:42:58'),
(253, 3, 8, 'may-tinh-xach-tay/lenovo-ideapad-3-14iil05-i7-81wd0040vn-222638-1-400x400.jpg', 'Lenovo IdeaPad Slim 3 14IIL05 i7 1065G7 (81WD0040VN)', 'lenovo-ideapad-3-14iil05-i7-81wd0040vn', NULL, '{\"man_hinh\":\"14\\\" \\u0111\\u1ebfn 15.6\\\", Full HD IPS\",\"he_dieu_hanh\":\"Windows 10\",\"cpu\":\"Intel Core i3\\/i5\\/i7 th\\u1ebf h\\u1ec7 10 ho\\u1eb7c 11\",\"ram\":\"4 GB \\u0111\\u1ebfn 16 GB\",\"o_cung\":\"256 GB \\u0111\\u1ebfn 512 GB SSD\",\"card_do_hoa\":\"Intel UHD ho\\u1eb7c NVIDIA MX series\",\"ket_noi\":\"USB 3.0, HDMI, Type-C\",\"pin\":\"L\\u00ean \\u0111\\u1ebfn 8 gi\\u1edd\",\"trong_luong\":\"1.5 kg \\u0111\\u1ebfn 2.2 kg\"}', 100, 18790000, 0, NULL, 0, 1, 0, 0, 0, '2025-12-09 19:39:39', '2025-12-09 19:42:58'),
(254, 3, 8, 'may-tinh-xach-tay/lenovo-ideapad-3-15iil05-i3-81we003rvn-211520-101539-400x400.jpg', 'Lenovo IdeaPad Slim 3 15IIL05 i3 1005G1 (81WE003RVN)', 'lenovo-ideapad-3-15iil05-i3-81we003rvn', NULL, '{\"man_hinh\":\"14\\\" \\u0111\\u1ebfn 15.6\\\", Full HD IPS\",\"he_dieu_hanh\":\"Windows 10\",\"cpu\":\"Intel Core i3\\/i5\\/i7 th\\u1ebf h\\u1ec7 10 ho\\u1eb7c 11\",\"ram\":\"4 GB \\u0111\\u1ebfn 16 GB\",\"o_cung\":\"256 GB \\u0111\\u1ebfn 512 GB SSD\",\"card_do_hoa\":\"Intel UHD ho\\u1eb7c NVIDIA MX series\",\"ket_noi\":\"USB 3.0, HDMI, Type-C\",\"pin\":\"L\\u00ean \\u0111\\u1ebfn 8 gi\\u1edd\",\"trong_luong\":\"1.5 kg \\u0111\\u1ebfn 2.2 kg\"}', 100, 12990000, 0, NULL, 0, 1, 0, 0, 0, '2025-12-09 19:39:39', '2025-12-09 19:42:58'),
(255, 3, 8, 'may-tinh-xach-tay/lenovo-ideapad-3-15iil05-i5-81we003qvn-222649-2-400x400.jpg', 'Lenovo IdeaPad Slim 3 15IIL05 i5 1035G4 (81WE003QVN)', 'lenovo-ideapad-3-15iil05-i5-81we003qvn', NULL, '{\"man_hinh\":\"14\\\" \\u0111\\u1ebfn 15.6\\\", Full HD IPS\",\"he_dieu_hanh\":\"Windows 10\",\"cpu\":\"Intel Core i3\\/i5\\/i7 th\\u1ebf h\\u1ec7 10 ho\\u1eb7c 11\",\"ram\":\"4 GB \\u0111\\u1ebfn 16 GB\",\"o_cung\":\"256 GB \\u0111\\u1ebfn 512 GB SSD\",\"card_do_hoa\":\"Intel UHD ho\\u1eb7c NVIDIA MX series\",\"ket_noi\":\"USB 3.0, HDMI, Type-C\",\"pin\":\"L\\u00ean \\u0111\\u1ebfn 8 gi\\u1edd\",\"trong_luong\":\"1.5 kg \\u0111\\u1ebfn 2.2 kg\"}', 100, 15790000, 0, NULL, 0, 1, 0, 0, 0, '2025-12-09 19:39:39', '2025-12-09 19:42:58'),
(256, 3, 8, 'may-tinh-xach-tay/lenovo-ideapad-5-14iil05-i5-81yh0050vn-222645-400x400.jpg', 'Lenovo Ideapad Slim 5 14Iil05 I5 1035G1 (81Yh0050Vn)', 'lenovo-ideapad-slim-5-14iil05-i5-1035g1-81yh0050vn', NULL, '{\"man_hinh\":\"14\\\" \\u0111\\u1ebfn 15.6\\\", Full HD IPS\",\"he_dieu_hanh\":\"Windows 10\",\"cpu\":\"Intel Core i3\\/i5\\/i7 th\\u1ebf h\\u1ec7 10 ho\\u1eb7c 11\",\"ram\":\"4 GB \\u0111\\u1ebfn 16 GB\",\"o_cung\":\"256 GB \\u0111\\u1ebfn 512 GB SSD\",\"card_do_hoa\":\"Intel UHD ho\\u1eb7c NVIDIA MX series\",\"ket_noi\":\"USB 3.0, HDMI, Type-C\",\"pin\":\"L\\u00ean \\u0111\\u1ebfn 8 gi\\u1edd\",\"trong_luong\":\"1.5 kg \\u0111\\u1ebfn 2.2 kg\"}', 100, 17990000, 0, 17990000, 0, 1, 0, 0, 0, '2025-12-09 19:39:39', '2025-12-11 04:12:08'),
(257, 3, 8, 'may-tinh-xach-tay/lenovo-ideapad-5-15iil05-i3-81yk004tvn-36-222634-400x400.jpg', 'Lenovo Ideapad Slim 5 15Iil05 I3 1005G1 (81Yk004Tvn)', 'lenovo-ideapad-slim-5-15iil05-i3-1005g1-81yk004tvn', NULL, '{\"man_hinh\":\"14\\\" \\u0111\\u1ebfn 15.6\\\", Full HD IPS\",\"he_dieu_hanh\":\"Windows 10\",\"cpu\":\"Intel Core i3\\/i5\\/i7 th\\u1ebf h\\u1ec7 10 ho\\u1eb7c 11\",\"ram\":\"4 GB \\u0111\\u1ebfn 16 GB\",\"o_cung\":\"256 GB \\u0111\\u1ebfn 512 GB SSD\",\"card_do_hoa\":\"Intel UHD ho\\u1eb7c NVIDIA MX series\",\"ket_noi\":\"USB 3.0, HDMI, Type-C\",\"pin\":\"L\\u00ean \\u0111\\u1ebfn 8 gi\\u1edd\",\"trong_luong\":\"1.5 kg \\u0111\\u1ebfn 2.2 kg\"}', 100, 14990000, 0, 14990000, 0, 1, 0, 0, 0, '2025-12-09 19:39:39', '2025-12-11 04:12:52'),
(258, 3, 8, 'may-tinh-xach-tay/lenovo-ideapad-5-15iil05-i5-81yk004uvn-usb-222639-400x400.jpg', 'Lenovo IdeaPad Slim 5 15IIL05 i5 (81YK004UVN)', 'lenovo-ideapad-5-15iil05-i5-81yk004uvn', NULL, '{\"man_hinh\":\"14\\\" \\u0111\\u1ebfn 15.6\\\", Full HD IPS\",\"he_dieu_hanh\":\"Windows 10\",\"cpu\":\"Intel Core i3\\/i5\\/i7 th\\u1ebf h\\u1ec7 10 ho\\u1eb7c 11\",\"ram\":\"4 GB \\u0111\\u1ebfn 16 GB\",\"o_cung\":\"256 GB \\u0111\\u1ebfn 512 GB SSD\",\"card_do_hoa\":\"Intel UHD ho\\u1eb7c NVIDIA MX series\",\"ket_noi\":\"USB 3.0, HDMI, Type-C\",\"pin\":\"L\\u00ean \\u0111\\u1ebfn 8 gi\\u1edd\",\"trong_luong\":\"1.5 kg \\u0111\\u1ebfn 2.2 kg\"}', 100, 18990000, 0, NULL, 0, 1, 0, 0, 0, '2025-12-09 19:39:39', '2025-12-09 19:42:58'),
(259, 3, 8, 'may-tinh-xach-tay/lenovo-thinkbook-14-iil-i5-20sl00mfvn-13-226175-400x400.jpg', 'Lenovo ThinkBook 14IIL i5 1035G1 (20SL00MFVN)', 'lenovo-thinkbook-14-iil-i5-20sl00mfvn', NULL, '{\"man_hinh\":\"14\\\" \\u0111\\u1ebfn 15.6\\\", Full HD IPS\",\"he_dieu_hanh\":\"Windows 10\",\"cpu\":\"Intel Core i3\\/i5\\/i7 th\\u1ebf h\\u1ec7 10 ho\\u1eb7c 11\",\"ram\":\"4 GB \\u0111\\u1ebfn 16 GB\",\"o_cung\":\"256 GB \\u0111\\u1ebfn 512 GB SSD\",\"card_do_hoa\":\"Intel UHD ho\\u1eb7c NVIDIA MX series\",\"ket_noi\":\"USB 3.0, HDMI, Type-C\",\"pin\":\"L\\u00ean \\u0111\\u1ebfn 8 gi\\u1edd\",\"trong_luong\":\"1.5 kg \\u0111\\u1ebfn 2.2 kg\"}', 100, 15990000, 0, NULL, 0, 1, 0, 0, 0, '2025-12-09 19:39:39', '2025-12-09 19:42:58'),
(260, 3, 8, 'may-tinh-xach-tay/lenovo-thinkbook-14iil-i7-20sl00mevn-034120-114121-400x400.jpg', 'Lenovo ThinkBook 14IIL i7 1065G7 (20SL00MEVN)', 'lenovo-thinkbook-14iil-i7-20sl00mevn', NULL, '{\"man_hinh\":\"14\\\" \\u0111\\u1ebfn 15.6\\\", Full HD IPS\",\"he_dieu_hanh\":\"Windows 10\",\"cpu\":\"Intel Core i3\\/i5\\/i7 th\\u1ebf h\\u1ec7 10 ho\\u1eb7c 11\",\"ram\":\"4 GB \\u0111\\u1ebfn 16 GB\",\"o_cung\":\"256 GB \\u0111\\u1ebfn 512 GB SSD\",\"card_do_hoa\":\"Intel UHD ho\\u1eb7c NVIDIA MX series\",\"ket_noi\":\"USB 3.0, HDMI, Type-C\",\"pin\":\"L\\u00ean \\u0111\\u1ebfn 8 gi\\u1edd\",\"trong_luong\":\"1.5 kg \\u0111\\u1ebfn 2.2 kg\"}', 100, 22290000, 0, NULL, 0, 1, 0, 0, 0, '2025-12-09 19:39:39', '2025-12-09 19:42:58'),
(261, 3, 8, 'may-tinh-xach-tay/lenovo-thinkbook-14iml-i3-20rv00b7vn-220898-1-400x400.jpg', 'Lenovo ThinkBook 14IML i3 10110U (20RV00B7VN)', 'lenovo-thinkbook-14iml-i3-20rv00b7vn', NULL, '{\"man_hinh\":\"14\\\" \\u0111\\u1ebfn 15.6\\\", Full HD IPS\",\"he_dieu_hanh\":\"Windows 10\",\"cpu\":\"Intel Core i3\\/i5\\/i7 th\\u1ebf h\\u1ec7 10 ho\\u1eb7c 11\",\"ram\":\"4 GB \\u0111\\u1ebfn 16 GB\",\"o_cung\":\"256 GB \\u0111\\u1ebfn 512 GB SSD\",\"card_do_hoa\":\"Intel UHD ho\\u1eb7c NVIDIA MX series\",\"ket_noi\":\"USB 3.0, HDMI, Type-C\",\"pin\":\"L\\u00ean \\u0111\\u1ebfn 8 gi\\u1edd\",\"trong_luong\":\"1.5 kg \\u0111\\u1ebfn 2.2 kg\"}', 100, 11240000, 0, NULL, 0, 1, 0, 0, 0, '2025-12-09 19:39:39', '2025-12-09 19:42:58'),
(262, 3, 8, 'may-tinh-xach-tay/lenovo-thinkbook-14iml-i7-20rv00bjvn-220901-2-400x400.jpg', 'Lenovo ThinkBook 14IML i7 10510U (20RV00BJVN)', 'lenovo-thinkbook-14iml-i7-20rv00bjvn', NULL, '{\"man_hinh\":\"14\\\" \\u0111\\u1ebfn 15.6\\\", Full HD IPS\",\"he_dieu_hanh\":\"Windows 10\",\"cpu\":\"Intel Core i3\\/i5\\/i7 th\\u1ebf h\\u1ec7 10 ho\\u1eb7c 11\",\"ram\":\"4 GB \\u0111\\u1ebfn 16 GB\",\"o_cung\":\"256 GB \\u0111\\u1ebfn 512 GB SSD\",\"card_do_hoa\":\"Intel UHD ho\\u1eb7c NVIDIA MX series\",\"ket_noi\":\"USB 3.0, HDMI, Type-C\",\"pin\":\"L\\u00ean \\u0111\\u1ebfn 8 gi\\u1edd\",\"trong_luong\":\"1.5 kg \\u0111\\u1ebfn 2.2 kg\"}', 100, 21490000, 0, NULL, 0, 1, 0, 0, 0, '2025-12-09 19:39:39', '2025-12-09 19:42:58'),
(263, 3, 8, 'may-tinh-xach-tay/lenovo-thinkbook-15iil-i3-20sm00d9vn-295520-095510-400x400.jpg', 'Lenovo ThinkBook 15IIL i3 1005G1 (20SM00D9VN)', 'lenovo-thinkbook-15iil-i3-20sm00d9vn', NULL, '{\"man_hinh\":\"14\\\" \\u0111\\u1ebfn 15.6\\\", Full HD IPS\",\"he_dieu_hanh\":\"Windows 10\",\"cpu\":\"Intel Core i3\\/i5\\/i7 th\\u1ebf h\\u1ec7 10 ho\\u1eb7c 11\",\"ram\":\"4 GB \\u0111\\u1ebfn 16 GB\",\"o_cung\":\"256 GB \\u0111\\u1ebfn 512 GB SSD\",\"card_do_hoa\":\"Intel UHD ho\\u1eb7c NVIDIA MX series\",\"ket_noi\":\"USB 3.0, HDMI, Type-C\",\"pin\":\"L\\u00ean \\u0111\\u1ebfn 8 gi\\u1edd\",\"trong_luong\":\"1.5 kg \\u0111\\u1ebfn 2.2 kg\"}', 100, 11690000, 0, NULL, 0, 1, 0, 0, 0, '2025-12-09 19:39:39', '2025-12-09 19:42:58'),
(264, 3, 9, 'may-tinh-xach-tay/lg-gram-14-i5-14z90n-var52a5-310320-040353-400x400.jpg', 'LG Gram 14 i5 1035G7 (14Z90N-V.AR52A5)', 'lg-gram-14-i5-14z90n-var52a5', NULL, '{\"man_hinh\":\"14\\\" \\u0111\\u1ebfn 15.6\\\", Full HD IPS\",\"he_dieu_hanh\":\"Windows 10\",\"cpu\":\"Intel Core i3\\/i5\\/i7 th\\u1ebf h\\u1ec7 10 ho\\u1eb7c 11\",\"ram\":\"4 GB \\u0111\\u1ebfn 16 GB\",\"o_cung\":\"256 GB \\u0111\\u1ebfn 512 GB SSD\",\"card_do_hoa\":\"Intel UHD ho\\u1eb7c NVIDIA MX series\",\"ket_noi\":\"USB 3.0, HDMI, Type-C\",\"pin\":\"L\\u00ean \\u0111\\u1ebfn 8 gi\\u1edd\",\"trong_luong\":\"1.5 kg \\u0111\\u1ebfn 2.2 kg\"}', 100, 28990000, 0, NULL, 0, 1, 0, 0, 0, '2025-12-09 19:39:39', '2025-12-09 19:42:58'),
(265, 3, 9, 'may-tinh-xach-tay/lg-gram-15-i5-15z90n-var55a5-153920-033925-400x400.jpg', 'LG Gram 15 i5 1035G7 (15Z90N-V.AR55A5)', 'lg-gram-15-i5-15z90n-var55a5', NULL, '{\"man_hinh\":\"14\\\" \\u0111\\u1ebfn 15.6\\\", Full HD IPS\",\"he_dieu_hanh\":\"Windows 10\",\"cpu\":\"Intel Core i3\\/i5\\/i7 th\\u1ebf h\\u1ec7 10 ho\\u1eb7c 11\",\"ram\":\"4 GB \\u0111\\u1ebfn 16 GB\",\"o_cung\":\"256 GB \\u0111\\u1ebfn 512 GB SSD\",\"card_do_hoa\":\"Intel UHD ho\\u1eb7c NVIDIA MX series\",\"ket_noi\":\"USB 3.0, HDMI, Type-C\",\"pin\":\"L\\u00ean \\u0111\\u1ebfn 8 gi\\u1edd\",\"trong_luong\":\"1.5 kg \\u0111\\u1ebfn 2.2 kg\"}', 100, 33990000, 0, NULL, 0, 1, 0, 0, 0, '2025-12-09 19:39:39', '2025-12-09 19:42:58');
INSERT INTO `sanpham` (`id`, `loaisanpham_id`, `hangsanxuat_id`, `hinhanh`, `tensanpham`, `tensanpham_slug`, `mota`, `thongso`, `soluong`, `gia`, `khuyenmai`, `gia_khuyenmai`, `daban`, `trangthai`, `luotxem`, `noibat`, `sl_dat_truoc`, `created_at`, `updated_at`) VALUES
(266, 3, 9, 'may-tinh-xach-tay/lg-gram-17-i7-17z90n-vah75a5-142120-022156-400x400.jpg', 'LG Gram 17 i7 1065G7 (17Z90N-V.AH75A5)', 'lg-gram-17-i7-17z90n-vah75a5', NULL, '{\"man_hinh\":\"14\\\" \\u0111\\u1ebfn 15.6\\\", Full HD IPS\",\"he_dieu_hanh\":\"Windows 10\",\"cpu\":\"Intel Core i3\\/i5\\/i7 th\\u1ebf h\\u1ec7 10 ho\\u1eb7c 11\",\"ram\":\"4 GB \\u0111\\u1ebfn 16 GB\",\"o_cung\":\"256 GB \\u0111\\u1ebfn 512 GB SSD\",\"card_do_hoa\":\"Intel UHD ho\\u1eb7c NVIDIA MX series\",\"ket_noi\":\"USB 3.0, HDMI, Type-C\",\"pin\":\"L\\u00ean \\u0111\\u1ebfn 8 gi\\u1edd\",\"trong_luong\":\"1.5 kg \\u0111\\u1ebfn 2.2 kg\"}', 100, 38490000, 0, NULL, 0, 1, 0, 0, 0, '2025-12-09 19:39:39', '2025-12-09 19:42:58'),
(267, 3, 2, 'may-tinh-xach-tay/apple-macbook-air-mqd32sa-a-i5-5350u-400x400.jpg', 'MacBook Air 2017 128GB (MQD32SA/A)', 'apple-macbook-air-mqd32sa-a-i5-5350u', NULL, '{\"man_hinh\":\"13.3\\\", Retina\",\"he_dieu_hanh\":\"macOS\",\"cpu\":\"Intel Core i3 ho\\u1eb7c Apple M1\",\"ram\":\"8 GB\",\"o_cung\":\"256 GB SSD\",\"card_do_hoa\":\"Intel Iris Plus ho\\u1eb7c Apple Integrated\",\"ket_noi\":\"Thunderbolt 3, USB-C\",\"pin\":\"L\\u00ean \\u0111\\u1ebfn 18 gi\\u1edd\",\"trong_luong\":\"1.29 kg\"}', 100, 20990000, 0, NULL, 0, 1, 0, 0, 0, '2025-12-09 19:39:39', '2025-12-09 19:42:58'),
(268, 1, 2, 'dien-thoai/iphone-17-xanh-la.jpg', 'Iphone 17 Xanh Lá', 'iphone-17-xanh-la', '@@@', '{\"man_hinh\":\"IPS LCD, 6.1\\\", Liquid Retina HD\",\"he_dieu_hanh\":\"iOS 15\",\"camera_sau\":\"2 camera 12 MP (Ch\\u00ednh & Ph\\u1ee5 si\\u00eau r\\u1ed9ng)\",\"camera_truoc\":\"12 MP\",\"chip\":\"Apple A13 Bionic 6 nh\\u00e2n\",\"ram\":\"4 GB\",\"dung_luong_luu_tru\":\"m\\u1edbi)\",\"sim\":\"1 Nano SIM & 1 eSIM, H\\u1ed7 tr\\u1ee3 4G\",\"pin_sac\":\"3110 mAh, S\\u1ea1c nhanh 18 W\"}', 97, 99999999, 99, 999999.98999999, 10, 2, 0, 0, 0, '2025-12-10 02:05:06', '2025-12-12 01:20:19');

-- --------------------------------------------------------

--
-- Cấu trúc bảng cho bảng `sessions`
--

CREATE TABLE `sessions` (
  `id` varchar(255) NOT NULL,
  `user_id` bigint(20) UNSIGNED DEFAULT NULL,
  `ip_address` varchar(45) DEFAULT NULL,
  `user_agent` text DEFAULT NULL,
  `payload` longtext NOT NULL,
  `last_activity` int(11) NOT NULL
) ENGINE=InnoDB DEFAULT CHARSET=utf8mb4 COLLATE=utf8mb4_unicode_ci;

--
-- Đang đổ dữ liệu cho bảng `sessions`
--

INSERT INTO `sessions` (`id`, `user_id`, `ip_address`, `user_agent`, `payload`, `last_activity`) VALUES
('F5t8ljvuW4egibdKQxmOKwVO4seLmh4dGchSWzot', 7, '::1', 'Mozilla/5.0 (Windows NT 10.0; Win64; x64) AppleWebKit/537.36 (KHTML, like Gecko) Chrome/143.0.0.0 Safari/537.36', 'YTo2OntzOjY6Il90b2tlbiI7czo0MDoieXJCQVY5bVo1VW5yNm5wWFk0d3FZOFNuOEZndjE2cjBUNG9WbTJEMSI7czozOiJ1cmwiO2E6MTp7czo4OiJpbnRlbmRlZCI7czo0MToiaHR0cDovL2xvY2FsaG9zdC9Nb2JpbGUtU3RvcmUvcHVibGljL3VzZXIiO31zOjk6Il9wcmV2aW91cyI7YToyOntzOjM6InVybCI7czo1NToiaHR0cDovL2xvY2FsaG9zdC9Nb2JpbGUtU3RvcmUvcHVibGljL3VzZXIvaG8tc28vdHJhLWdvcCI7czo1OiJyb3V0ZSI7czoxNjoidXNlci5ob3NvLnRyYWdvcCI7fXM6NjoiX2ZsYXNoIjthOjI6e3M6Mzoib2xkIjthOjA6e31zOjM6Im5ldyI7YTowOnt9fXM6NTA6ImxvZ2luX3dlYl81OWJhMzZhZGRjMmIyZjk0MDE1ODBmMDE0YzdmNThlYTRlMzA5ODlkIjtpOjc7czo0OiJjYXJ0IjthOjE6e3M6NzoiZGVmYXVsdCI7TzoyOToiSWxsdW1pbmF0ZVxTdXBwb3J0XENvbGxlY3Rpb24iOjI6e3M6ODoiACoAaXRlbXMiO2E6MTp7czozMjoiZjU5MGMxMDNhOTAyYWNmNjY4ZTgxNDAzN2QyNzM4OGMiO086MzI6Ikdsb3VkZW1hbnNcU2hvcHBpbmdjYXJ0XENhcnRJdGVtIjoxMTp7czo1OiJyb3dJZCI7czozMjoiZjU5MGMxMDNhOTAyYWNmNjY4ZTgxNDAzN2QyNzM4OGMiO3M6MjoiaWQiO2k6MTUyO3M6MzoicXR5IjtpOjE7czo0OiJuYW1lIjtzOjI0OiJpUGFkIDggV2lmaSAxMjhHQiAoMjAyMCkiO3M6NToicHJpY2UiO2Q6MTEyNzA2MDA7czo2OiJ3ZWlnaHQiO2Q6MDtzOjc6Im9wdGlvbnMiO086Mzk6Ikdsb3VkZW1hbnNcU2hvcHBpbmdjYXJ0XENhcnRJdGVtT3B0aW9ucyI6Mjp7czo4OiIAKgBpdGVtcyI7YTo0OntzOjc6ImhpbmhhbmgiO3M6NjI6Im1heS10aW5oLWJhbmcvaXBhZC04LXdpZmktMTI4Z2ItMjAyMC0xODQ0MjAtMDY0NDQ1LTQwMHg0MDAuanBnIjtzOjM6ImdpYSI7ZDoxMTk5MDAwMDtzOjk6ImtodXllbm1haSI7aTo2O3M6MTM6ImdpYV9raHV5ZW5tYWkiO2Q6MTEyNzA2MDA7fXM6Mjg6IgAqAGVzY2FwZVdoZW5DYXN0aW5nVG9TdHJpbmciO2I6MDt9czo3OiJ0YXhSYXRlIjtpOjEwO3M6NDk6IgBHbG91ZGVtYW5zXFNob3BwaW5nY2FydFxDYXJ0SXRlbQBhc3NvY2lhdGVkTW9kZWwiO047czo0NjoiAEdsb3VkZW1hbnNcU2hvcHBpbmdjYXJ0XENhcnRJdGVtAGRpc2NvdW50UmF0ZSI7aTowO3M6ODoiaW5zdGFuY2UiO3M6NzoiZGVmYXVsdCI7fX1zOjI4OiIAKgBlc2NhcGVXaGVuQ2FzdGluZ1RvU3RyaW5nIjtiOjA7fX19', 1765531046),
('HCy4UtJ16o0U9NePIi9ylHyLIEdcOg7wx9YE4FWb', 1, '::1', 'Mozilla/5.0 (Windows NT 10.0; Win64; x64) AppleWebKit/537.36 (KHTML, like Gecko) Chrome/143.0.0.0 Safari/537.36 Edg/143.0.0.0', 'YTo2OntzOjY6Il90b2tlbiI7czo0MDoiZUs5aVlLNUFvMmZuSlRheTNZZ3RpeDBiY1JvTktSNzlURGl0b3ZKbyI7czozOiJ1cmwiO2E6MTp7czo4OiJpbnRlbmRlZCI7czo1MDoiaHR0cDovL2xvY2FsaG9zdC9Nb2JpbGUtU3RvcmUvcHVibGljL2FkbWluL2RvbmhhbmciO31zOjk6Il9wcmV2aW91cyI7YToyOntzOjM6InVybCI7czo1NjoiaHR0cDovL2xvY2FsaG9zdC9Nb2JpbGUtU3RvcmUvcHVibGljL2FkbWluL2hvcGRvbmd0cmFnb3AiO3M6NToicm91dGUiO3M6MTk6ImFkbWluLmhvcGRvbmd0cmFnb3AiO31zOjY6Il9mbGFzaCI7YToyOntzOjM6Im9sZCI7YTowOnt9czozOiJuZXciO2E6MDp7fX1zOjUwOiJsb2dpbl93ZWJfNTliYTM2YWRkYzJiMmY5NDAxNTgwZjAxNGM3ZjU4ZWE0ZTMwOTg5ZCI7aToxO3M6NDoiYXV0aCI7YToxOntzOjIxOiJwYXNzd29yZF9jb25maXJtZWRfYXQiO2k6MTc2NTUzODAzNzt9fQ==', 1765538325),
('LbTBnayU0yROSRnTU6dwQ3VRPY9xrDrMdkRpjPmP', 1, '::1', 'Mozilla/5.0 (Windows NT 10.0; Win64; x64) AppleWebKit/537.36 (KHTML, like Gecko) Chrome/143.0.0.0 Safari/537.36 Edg/143.0.0.0', 'YTo3OntzOjY6Il90b2tlbiI7czo0MDoiNEFUZkFDNVhGckk2N0owSWNHdnBUMnNvQms0TGlZamZ0b1c4djY2YiI7czo5OiJfcHJldmlvdXMiO2E6Mjp7czozOiJ1cmwiO3M6NTY6Imh0dHA6Ly9sb2NhbGhvc3QvTW9iaWxlLVN0b3JlL3B1YmxpYy9hZG1pbi9ob3Bkb25ndHJhZ29wIjtzOjU6InJvdXRlIjtzOjE5OiJhZG1pbi5ob3Bkb25ndHJhZ29wIjt9czo2OiJfZmxhc2giO2E6Mjp7czozOiJvbGQiO2E6MDp7fXM6MzoibmV3IjthOjA6e319czozOiJ1cmwiO2E6MTp7czo4OiJpbnRlbmRlZCI7czo1MjoiaHR0cDovL2xvY2FsaG9zdC9Nb2JpbGUtU3RvcmUvcHVibGljL2FkbWluL3Rpbmh0cmFuZyI7fXM6NTA6ImxvZ2luX3dlYl81OWJhMzZhZGRjMmIyZjk0MDE1ODBmMDE0YzdmNThlYTRlMzA5ODlkIjtpOjE7czo0OiJhdXRoIjthOjE6e3M6MjE6InBhc3N3b3JkX2NvbmZpcm1lZF9hdCI7aToxNzY1NTE4NzI1O31zOjQ6ImNhcnQiO2E6MTp7czo3OiJkZWZhdWx0IjtPOjI5OiJJbGx1bWluYXRlXFN1cHBvcnRcQ29sbGVjdGlvbiI6Mjp7czo4OiIAKgBpdGVtcyI7YToxOntzOjMyOiI5YzRlMzM3NjJhNTM5YzIzYmUzZjNkNDE3Y2Q3OTliOCI7TzozMjoiR2xvdWRlbWFuc1xTaG9wcGluZ2NhcnRcQ2FydEl0ZW0iOjExOntzOjU6InJvd0lkIjtzOjMyOiI5YzRlMzM3NjJhNTM5YzIzYmUzZjNkNDE3Y2Q3OTliOCI7czoyOiJpZCI7aToyO3M6MzoicXR5IjtpOjE7czo0OiJuYW1lIjtzOjI5OiJJcGhvbmUgMTEgMTI4R2IgKEjhu5lwIE3hu5tpKSI7czo1OiJwcmljZSI7ZDoxNjkzMjMwMDtzOjY6IndlaWdodCI7ZDowO3M6Nzoib3B0aW9ucyI7TzozOToiR2xvdWRlbWFuc1xTaG9wcGluZ2NhcnRcQ2FydEl0ZW1PcHRpb25zIjoyOntzOjg6IgAqAGl0ZW1zIjthOjQ6e3M6NzoiaGluaGFuaCI7czo2MDoiZGllbi10aG9haS9pcGhvbmUtMTEtMTI4Z2ItaG9wLW1vaS0yOTI1MjAtMTAyNTAwLTQwMHg0MDAuanBnIjtzOjM6ImdpYSI7ZDoyMTk5MDAwMDtzOjk6ImtodXllbm1haSI7aToyMztzOjEzOiJnaWFfa2h1eWVubWFpIjtkOjE2OTMyMzAwO31zOjI4OiIAKgBlc2NhcGVXaGVuQ2FzdGluZ1RvU3RyaW5nIjtiOjA7fXM6NzoidGF4UmF0ZSI7aToxMDtzOjQ5OiIAR2xvdWRlbWFuc1xTaG9wcGluZ2NhcnRcQ2FydEl0ZW0AYXNzb2NpYXRlZE1vZGVsIjtOO3M6NDY6IgBHbG91ZGVtYW5zXFNob3BwaW5nY2FydFxDYXJ0SXRlbQBkaXNjb3VudFJhdGUiO2k6MDtzOjg6Imluc3RhbmNlIjtzOjc6ImRlZmF1bHQiO319czoyODoiACoAZXNjYXBlV2hlbkNhc3RpbmdUb1N0cmluZyI7YjowO319fQ==', 1765529542),
('Qg6l4epjAM9pTqxaQQAD2iKuoViJXfodQRcCNhxk', 6, '::1', 'Mozilla/5.0 (Windows NT 10.0; Win64; x64) AppleWebKit/537.36 (KHTML, like Gecko) Chrome/143.0.0.0 Safari/537.36', 'YTo2OntzOjY6Il90b2tlbiI7czo0MDoiNTVPdlBsNTlOZ1dqZWxFeEZpVjA1bXRxb01RYjlkUEJQQ0x3b05ONyI7czo5OiJfcHJldmlvdXMiO2E6Mjp7czozOiJ1cmwiO3M6NTU6Imh0dHA6Ly9sb2NhbGhvc3QvTW9iaWxlLVN0b3JlL3B1YmxpYy91c2VyL2hvLXNvL3RyYS1nb3AiO3M6NToicm91dGUiO3M6MTY6InVzZXIuaG9zby50cmFnb3AiO31zOjY6Il9mbGFzaCI7YToyOntzOjM6Im9sZCI7YTowOnt9czozOiJuZXciO2E6MDp7fX1zOjM6InVybCI7YToxOntzOjg6ImludGVuZGVkIjtzOjQxOiJodHRwOi8vbG9jYWxob3N0L01vYmlsZS1TdG9yZS9wdWJsaWMvdXNlciI7fXM6NTA6ImxvZ2luX3dlYl81OWJhMzZhZGRjMmIyZjk0MDE1ODBmMDE0YzdmNThlYTRlMzA5ODlkIjtpOjY7czo0OiJjYXJ0IjthOjE6e3M6NzoiZGVmYXVsdCI7TzoyOToiSWxsdW1pbmF0ZVxTdXBwb3J0XENvbGxlY3Rpb24iOjI6e3M6ODoiACoAaXRlbXMiO2E6MTp7czozMjoiOWM0ZTMzNzYyYTUzOWMyM2JlM2YzZDQxN2NkNzk5YjgiO086MzI6Ikdsb3VkZW1hbnNcU2hvcHBpbmdjYXJ0XENhcnRJdGVtIjoxMTp7czo1OiJyb3dJZCI7czozMjoiOWM0ZTMzNzYyYTUzOWMyM2JlM2YzZDQxN2NkNzk5YjgiO3M6MjoiaWQiO2k6MjtzOjM6InF0eSI7aToxO3M6NDoibmFtZSI7czoyOToiSXBob25lIDExIDEyOEdiIChI4buZcCBN4bubaSkiO3M6NToicHJpY2UiO2Q6MTY5MzIzMDA7czo2OiJ3ZWlnaHQiO2Q6MDtzOjc6Im9wdGlvbnMiO086Mzk6Ikdsb3VkZW1hbnNcU2hvcHBpbmdjYXJ0XENhcnRJdGVtT3B0aW9ucyI6Mjp7czo4OiIAKgBpdGVtcyI7YTo0OntzOjc6ImhpbmhhbmgiO3M6NjA6ImRpZW4tdGhvYWkvaXBob25lLTExLTEyOGdiLWhvcC1tb2ktMjkyNTIwLTEwMjUwMC00MDB4NDAwLmpwZyI7czozOiJnaWEiO2Q6MjE5OTAwMDA7czo5OiJraHV5ZW5tYWkiO2k6MjM7czoxMzoiZ2lhX2todXllbm1haSI7ZDoxNjkzMjMwMDt9czoyODoiACoAZXNjYXBlV2hlbkNhc3RpbmdUb1N0cmluZyI7YjowO31zOjc6InRheFJhdGUiO2k6MTA7czo0OToiAEdsb3VkZW1hbnNcU2hvcHBpbmdjYXJ0XENhcnRJdGVtAGFzc29jaWF0ZWRNb2RlbCI7TjtzOjQ2OiIAR2xvdWRlbWFuc1xTaG9wcGluZ2NhcnRcQ2FydEl0ZW0AZGlzY291bnRSYXRlIjtpOjA7czo4OiJpbnN0YW5jZSI7czo3OiJkZWZhdWx0Ijt9fXM6Mjg6IgAqAGVzY2FwZVdoZW5DYXN0aW5nVG9TdHJpbmciO2I6MDt9fX0=', 1765529192);

-- --------------------------------------------------------

--
-- Cấu trúc bảng cho bảng `tinhtrang`
--

CREATE TABLE `tinhtrang` (
  `id` bigint(20) UNSIGNED NOT NULL,
  `tinhtrang` varchar(255) NOT NULL,
  `created_at` timestamp NULL DEFAULT NULL,
  `updated_at` timestamp NULL DEFAULT NULL
) ENGINE=InnoDB DEFAULT CHARSET=utf8mb4 COLLATE=utf8mb4_unicode_ci;

--
-- Đang đổ dữ liệu cho bảng `tinhtrang`
--

INSERT INTO `tinhtrang` (`id`, `tinhtrang`, `created_at`, `updated_at`) VALUES
(1, 'Đã đặt\r\n', NULL, NULL),
(3, 'Xác Nhận Đơn', '2025-12-11 23:14:36', '2025-12-11 23:34:53');

-- --------------------------------------------------------

--
-- Cấu trúc bảng cho bảng `users`
--

CREATE TABLE `users` (
  `id` bigint(20) UNSIGNED NOT NULL,
  `name` varchar(255) NOT NULL,
  `name_slug` varchar(255) NOT NULL DEFAULT 'default.png',
  `email` varchar(255) NOT NULL,
  `username` varchar(255) DEFAULT NULL,
  `role` tinyint(4) NOT NULL DEFAULT 1,
  `points` int(11) NOT NULL DEFAULT 0,
  `email_verified_at` timestamp NULL DEFAULT NULL,
  `password` varchar(255) NOT NULL,
  `hinhanh` varchar(255) NOT NULL DEFAULT 'anh-dai-dien/default.png',
  `remember_token` varchar(100) DEFAULT NULL,
  `created_at` timestamp NULL DEFAULT NULL,
  `updated_at` timestamp NULL DEFAULT NULL
) ENGINE=InnoDB DEFAULT CHARSET=utf8mb4 COLLATE=utf8mb4_unicode_ci;

--
-- Đang đổ dữ liệu cho bảng `users`
--

INSERT INTO `users` (`id`, `name`, `name_slug`, `email`, `username`, `role`, `points`, `email_verified_at`, `password`, `hinhanh`, `remember_token`, `created_at`, `updated_at`) VALUES
(1, 'Admin', 'admin', 'admin@gmail.com', NULL, 0, 4434, NULL, '$2y$12$y1A8pf9MLY6R2OppERmdsenY.4sHJjT3./BQS0fdruc01bCcbb0ja', 'anh-dai-dien/admin-1765356895.jpg', 'J2rN7knrAAYQbJRJ6F5BldVgeW0kC9FrVe4Wb6V6kIEKYDvWqOKug73W24Gr', '2025-12-09 19:37:34', '2025-12-11 04:00:04'),
(2, 'Sữa Tươi Không Đường', 'sua-tuoi-khong-duong', 'stkd@gmail.com', NULL, 2, 220, NULL, '$2y$12$cMvJQw3Pg./SKLZaoVvtKuVKYI0vm7kIEiZ6KlpgoQi8kSMqKxR16', 'anh-dai-dien/default.png', NULL, '2025-12-10 02:30:29', '2025-12-10 02:37:44'),
(3, 'Nguyễn Lý Anh Hào', 'default.png', 'lyanhhaodth225637@gmail.com', NULL, 1, 56220, NULL, '$2y$12$fJ3.2my6NT9piBLOuRrWEOJkpXb91MNjg.WPcVD.iihukeJ283s2W', 'anh-dai-dien/nguyen-ly-anh-hao-1765451890.png', 'xpmmbJgE0hkYi8zNZytQygn7yMdDYSjLMpP8PeqRID58pSoIu85v1wp5tkWO', '2025-12-11 04:18:00', '2025-12-11 04:44:42'),
(4, 'My name is Mee', 'default.png', 'stkd123456@gmail.com', NULL, 1, 110, NULL, '$2y$12$imhTcB7VoGH0d/vXB04jOeHpWhrbwO9KpVRSFEUDc93glSfrukcCO', 'anh-dai-dien/default.png', NULL, '2025-12-11 04:19:21', '2025-12-11 04:20:02'),
(5, 'Nguyễn Lý Anh Hào', 'default.png', 'lyanhhaodthR225637@gmail.com', NULL, 1, 0, NULL, '$2y$12$rs48ZV5emFhvBGiBNddheO26HIcaL6LWLshBe.rgPun1lgiUwInWu', 'anh-dai-dien/nguyen-ly-anh-hao-1765505485.png', NULL, '2025-12-11 19:10:58', '2025-12-11 19:11:25'),
(6, 'Người Mua Hàng', 'default.png', 'nguyen@gmail.com', NULL, 1, 2322, NULL, '$2y$12$yBD/nPoPUWz2U/Jt2QPguOy4FdtpHqN472jqP1QLUzHbgc1uBm1lO', 'anh-dai-dien/nguoi-mua-hang-1765526702.png', NULL, '2025-12-12 01:04:53', '2025-12-12 01:19:34'),
(7, 'Nguyễn Văn A', 'default.png', 'nguyenvana@gmail.com', NULL, 1, 0, NULL, '$2y$12$BGa.DrXEV/XPy2qKOa4TAOawjsGUglvVnQpgMUukL5N8GZOUEoNqy', 'anh-dai-dien/nguyen-van-a-1765529260.png', NULL, '2025-12-12 01:47:32', '2025-12-12 01:47:40');

-- --------------------------------------------------------

--
-- Cấu trúc bảng cho bảng `user_vouchers`
--

CREATE TABLE `user_vouchers` (
  `id` bigint(20) UNSIGNED NOT NULL,
  `user_id` bigint(20) UNSIGNED NOT NULL,
  `voucher_id` bigint(20) UNSIGNED NOT NULL,
  `created_at` timestamp NULL DEFAULT NULL,
  `updated_at` timestamp NULL DEFAULT NULL
) ENGINE=InnoDB DEFAULT CHARSET=utf8mb4 COLLATE=utf8mb4_unicode_ci;

--
-- Đang đổ dữ liệu cho bảng `user_vouchers`
--

INSERT INTO `user_vouchers` (`id`, `user_id`, `voucher_id`, `created_at`, `updated_at`) VALUES
(1, 1, 6, '2025-12-11 02:49:06', '2025-12-11 02:49:06'),
(2, 1, 7, '2025-12-11 02:49:14', '2025-12-11 02:49:14'),
(7, 1, 12, '2025-12-11 03:05:54', '2025-12-11 03:05:54'),
(8, 1, 13, '2025-12-11 03:40:32', '2025-12-11 03:40:32'),
(9, 1, 14, '2025-12-11 03:40:37', '2025-12-11 03:40:37'),
(10, 1, 15, '2025-12-11 04:00:04', '2025-12-11 04:00:04'),
(11, 3, 16, '2025-12-11 04:21:40', '2025-12-11 04:21:40'),
(12, 3, 17, '2025-12-11 04:44:42', '2025-12-11 04:44:42');

-- --------------------------------------------------------

--
-- Cấu trúc bảng cho bảng `vouchers`
--

CREATE TABLE `vouchers` (
  `id` bigint(20) UNSIGNED NOT NULL,
  `user_id` bigint(20) UNSIGNED DEFAULT NULL,
  `ma_voucher` varchar(255) NOT NULL,
  `diem_can_doi` int(11) NOT NULL,
  `gia_tri` int(11) NOT NULL,
  `so_luong` int(11) NOT NULL DEFAULT 1,
  `het_han` date NOT NULL,
  `trang_thai` tinyint(1) NOT NULL DEFAULT 1,
  `mo_ta` varchar(255) DEFAULT NULL,
  `created_at` timestamp NULL DEFAULT NULL,
  `updated_at` timestamp NULL DEFAULT NULL
) ENGINE=InnoDB DEFAULT CHARSET=utf8mb4 COLLATE=utf8mb4_unicode_ci;

--
-- Đang đổ dữ liệu cho bảng `vouchers`
--

INSERT INTO `vouchers` (`id`, `user_id`, `ma_voucher`, `diem_can_doi`, `gia_tri`, `so_luong`, `het_han`, `trang_thai`, `mo_ta`, `created_at`, `updated_at`) VALUES
(3, NULL, 'VOUCHER1765446218', 1000, 100000, 1, '2026-01-17', 1, NULL, '2025-12-11 02:43:38', '2025-12-11 02:43:38'),
(4, NULL, 'VOUCHER1765446415', 1000, 100000, 1, '2026-01-10', 1, NULL, '2025-12-11 02:46:55', '2025-12-11 02:46:55'),
(5, NULL, 'VOUCHER1765446443', 1000, 100000, 1, '2026-01-10', 1, NULL, '2025-12-11 02:47:23', '2025-12-11 02:47:23'),
(6, NULL, 'VOUCHER1765446546', 1000, 100000, 1, '2026-01-10', 0, NULL, '2025-12-11 02:49:06', '2025-12-11 03:59:23'),
(7, NULL, 'VOUCHER1765446554', 1000, 100000, 1, '2026-01-10', 1, NULL, '2025-12-11 02:49:14', '2025-12-11 02:49:14'),
(12, NULL, 'VOUCHER1765447554', 5000, 500000, 1, '2026-01-10', 0, NULL, '2025-12-11 03:05:54', '2025-12-11 03:53:15'),
(13, NULL, 'VOUCHER1765449632', 200, 20000, 1, '2026-01-10', 1, NULL, '2025-12-11 03:40:32', '2025-12-11 03:40:32'),
(14, NULL, 'VOUCHER1765449637', 5000, 500000, 1, '2026-01-10', 0, NULL, '2025-12-11 03:40:37', '2025-12-11 03:52:22'),
(15, NULL, 'VOUCHER1765450804', 5000, 500000, 1, '2026-01-10', 1, NULL, '2025-12-11 04:00:04', '2025-12-11 04:00:04'),
(16, NULL, 'VOUCHER1765452100', 5000, 500000, 1, '2026-01-10', 1, NULL, '2025-12-11 04:21:40', '2025-12-11 04:21:40'),
(17, NULL, 'VOUCHER1765453482', 5000, 500000, 1, '2026-01-10', 1, NULL, '2025-12-11 04:44:42', '2025-12-11 04:44:42');

--
-- Chỉ mục cho các bảng đã đổ
--

--
-- Chỉ mục cho bảng `binhluan`
--
ALTER TABLE `binhluan`
  ADD PRIMARY KEY (`id`),
  ADD KEY `binhluan_sanpham_id_foreign` (`sanpham_id`),
  ADD KEY `binhluan_user_id_foreign` (`user_id`),
  ADD KEY `binhluan_parent_id_index` (`parent_id`);

--
-- Chỉ mục cho bảng `binhluan_like`
--
ALTER TABLE `binhluan_like`
  ADD PRIMARY KEY (`id`),
  ADD UNIQUE KEY `binhluan_like_user_id_binhluan_id_unique` (`user_id`,`binhluan_id`),
  ADD KEY `binhluan_like_binhluan_id_foreign` (`binhluan_id`);

--
-- Chỉ mục cho bảng `cache`
--
ALTER TABLE `cache`
  ADD PRIMARY KEY (`key`);

--
-- Chỉ mục cho bảng `cache_locks`
--
ALTER TABLE `cache_locks`
  ADD PRIMARY KEY (`key`);

--
-- Chỉ mục cho bảng `danhgia`
--
ALTER TABLE `danhgia`
  ADD PRIMARY KEY (`id`),
  ADD KEY `danhgia_user_id_foreign` (`user_id`),
  ADD KEY `danhgia_sanpham_id_foreign` (`sanpham_id`);

--
-- Chỉ mục cho bảng `donhang`
--
ALTER TABLE `donhang`
  ADD PRIMARY KEY (`id`),
  ADD KEY `donhang_user_id_foreign` (`user_id`),
  ADD KEY `donhang_tinhtrang_id_foreign` (`tinhtrang_id`);

--
-- Chỉ mục cho bảng `donhang_chitiet`
--
ALTER TABLE `donhang_chitiet`
  ADD PRIMARY KEY (`id`),
  ADD KEY `donhang_chitiet_donhang_id_foreign` (`donhang_id`),
  ADD KEY `donhang_chitiet_sanpham_id_foreign` (`sanpham_id`);

--
-- Chỉ mục cho bảng `failed_jobs`
--
ALTER TABLE `failed_jobs`
  ADD PRIMARY KEY (`id`),
  ADD UNIQUE KEY `failed_jobs_uuid_unique` (`uuid`);

--
-- Chỉ mục cho bảng `hangsanxuat`
--
ALTER TABLE `hangsanxuat`
  ADD PRIMARY KEY (`id`);

--
-- Chỉ mục cho bảng `hopdong_tragop`
--
ALTER TABLE `hopdong_tragop`
  ADD PRIMARY KEY (`id`);

--
-- Chỉ mục cho bảng `jobs`
--
ALTER TABLE `jobs`
  ADD PRIMARY KEY (`id`),
  ADD KEY `jobs_queue_index` (`queue`);

--
-- Chỉ mục cho bảng `job_batches`
--
ALTER TABLE `job_batches`
  ADD PRIMARY KEY (`id`);

--
-- Chỉ mục cho bảng `loaisanpham`
--
ALTER TABLE `loaisanpham`
  ADD PRIMARY KEY (`id`);

--
-- Chỉ mục cho bảng `migrations`
--
ALTER TABLE `migrations`
  ADD PRIMARY KEY (`id`);

--
-- Chỉ mục cho bảng `password_reset_tokens`
--
ALTER TABLE `password_reset_tokens`
  ADD PRIMARY KEY (`email`);

--
-- Chỉ mục cho bảng `sanpham`
--
ALTER TABLE `sanpham`
  ADD PRIMARY KEY (`id`),
  ADD UNIQUE KEY `sanpham_tensanpham_slug_unique` (`tensanpham_slug`),
  ADD KEY `sanpham_loaisanpham_id_foreign` (`loaisanpham_id`),
  ADD KEY `sanpham_hangsanxuat_id_foreign` (`hangsanxuat_id`);

--
-- Chỉ mục cho bảng `sessions`
--
ALTER TABLE `sessions`
  ADD PRIMARY KEY (`id`),
  ADD KEY `sessions_user_id_index` (`user_id`),
  ADD KEY `sessions_last_activity_index` (`last_activity`);

--
-- Chỉ mục cho bảng `tinhtrang`
--
ALTER TABLE `tinhtrang`
  ADD PRIMARY KEY (`id`);

--
-- Chỉ mục cho bảng `users`
--
ALTER TABLE `users`
  ADD PRIMARY KEY (`id`),
  ADD UNIQUE KEY `users_email_unique` (`email`);

--
-- Chỉ mục cho bảng `user_vouchers`
--
ALTER TABLE `user_vouchers`
  ADD PRIMARY KEY (`id`),
  ADD KEY `user_vouchers_user_id_foreign` (`user_id`),
  ADD KEY `user_vouchers_voucher_id_foreign` (`voucher_id`);

--
-- Chỉ mục cho bảng `vouchers`
--
ALTER TABLE `vouchers`
  ADD PRIMARY KEY (`id`),
  ADD UNIQUE KEY `vouchers_ma_voucher_unique` (`ma_voucher`);

--
-- AUTO_INCREMENT cho các bảng đã đổ
--

--
-- AUTO_INCREMENT cho bảng `binhluan`
--
ALTER TABLE `binhluan`
  MODIFY `id` bigint(20) UNSIGNED NOT NULL AUTO_INCREMENT, AUTO_INCREMENT=16;

--
-- AUTO_INCREMENT cho bảng `binhluan_like`
--
ALTER TABLE `binhluan_like`
  MODIFY `id` bigint(20) UNSIGNED NOT NULL AUTO_INCREMENT;

--
-- AUTO_INCREMENT cho bảng `danhgia`
--
ALTER TABLE `danhgia`
  MODIFY `id` bigint(20) UNSIGNED NOT NULL AUTO_INCREMENT;

--
-- AUTO_INCREMENT cho bảng `donhang`
--
ALTER TABLE `donhang`
  MODIFY `id` bigint(20) UNSIGNED NOT NULL AUTO_INCREMENT, AUTO_INCREMENT=17;

--
-- AUTO_INCREMENT cho bảng `donhang_chitiet`
--
ALTER TABLE `donhang_chitiet`
  MODIFY `id` bigint(20) UNSIGNED NOT NULL AUTO_INCREMENT, AUTO_INCREMENT=19;

--
-- AUTO_INCREMENT cho bảng `failed_jobs`
--
ALTER TABLE `failed_jobs`
  MODIFY `id` bigint(20) UNSIGNED NOT NULL AUTO_INCREMENT;

--
-- AUTO_INCREMENT cho bảng `hangsanxuat`
--
ALTER TABLE `hangsanxuat`
  MODIFY `id` bigint(20) UNSIGNED NOT NULL AUTO_INCREMENT, AUTO_INCREMENT=20;

--
-- AUTO_INCREMENT cho bảng `hopdong_tragop`
--
ALTER TABLE `hopdong_tragop`
  MODIFY `id` bigint(20) UNSIGNED NOT NULL AUTO_INCREMENT, AUTO_INCREMENT=16;

--
-- AUTO_INCREMENT cho bảng `jobs`
--
ALTER TABLE `jobs`
  MODIFY `id` bigint(20) UNSIGNED NOT NULL AUTO_INCREMENT;

--
-- AUTO_INCREMENT cho bảng `loaisanpham`
--
ALTER TABLE `loaisanpham`
  MODIFY `id` bigint(20) UNSIGNED NOT NULL AUTO_INCREMENT, AUTO_INCREMENT=4;

--
-- AUTO_INCREMENT cho bảng `migrations`
--
ALTER TABLE `migrations`
  MODIFY `id` int(10) UNSIGNED NOT NULL AUTO_INCREMENT, AUTO_INCREMENT=20;

--
-- AUTO_INCREMENT cho bảng `sanpham`
--
ALTER TABLE `sanpham`
  MODIFY `id` bigint(20) UNSIGNED NOT NULL AUTO_INCREMENT, AUTO_INCREMENT=269;

--
-- AUTO_INCREMENT cho bảng `tinhtrang`
--
ALTER TABLE `tinhtrang`
  MODIFY `id` bigint(20) UNSIGNED NOT NULL AUTO_INCREMENT, AUTO_INCREMENT=5;

--
-- AUTO_INCREMENT cho bảng `users`
--
ALTER TABLE `users`
  MODIFY `id` bigint(20) UNSIGNED NOT NULL AUTO_INCREMENT, AUTO_INCREMENT=8;

--
-- AUTO_INCREMENT cho bảng `user_vouchers`
--
ALTER TABLE `user_vouchers`
  MODIFY `id` bigint(20) UNSIGNED NOT NULL AUTO_INCREMENT, AUTO_INCREMENT=13;

--
-- AUTO_INCREMENT cho bảng `vouchers`
--
ALTER TABLE `vouchers`
  MODIFY `id` bigint(20) UNSIGNED NOT NULL AUTO_INCREMENT, AUTO_INCREMENT=18;

--
-- Các ràng buộc cho các bảng đã đổ
--

--
-- Các ràng buộc cho bảng `binhluan`
--
ALTER TABLE `binhluan`
  ADD CONSTRAINT `binhluan_parent_id_foreign` FOREIGN KEY (`parent_id`) REFERENCES `binhluan` (`id`) ON DELETE CASCADE,
  ADD CONSTRAINT `binhluan_sanpham_id_foreign` FOREIGN KEY (`sanpham_id`) REFERENCES `sanpham` (`id`) ON DELETE CASCADE,
  ADD CONSTRAINT `binhluan_user_id_foreign` FOREIGN KEY (`user_id`) REFERENCES `users` (`id`) ON DELETE CASCADE;

--
-- Các ràng buộc cho bảng `binhluan_like`
--
ALTER TABLE `binhluan_like`
  ADD CONSTRAINT `binhluan_like_binhluan_id_foreign` FOREIGN KEY (`binhluan_id`) REFERENCES `binhluan` (`id`) ON DELETE CASCADE,
  ADD CONSTRAINT `binhluan_like_user_id_foreign` FOREIGN KEY (`user_id`) REFERENCES `users` (`id`) ON DELETE CASCADE;

--
-- Các ràng buộc cho bảng `danhgia`
--
ALTER TABLE `danhgia`
  ADD CONSTRAINT `danhgia_sanpham_id_foreign` FOREIGN KEY (`sanpham_id`) REFERENCES `sanpham` (`id`),
  ADD CONSTRAINT `danhgia_user_id_foreign` FOREIGN KEY (`user_id`) REFERENCES `users` (`id`);

--
-- Các ràng buộc cho bảng `donhang`
--
ALTER TABLE `donhang`
  ADD CONSTRAINT `donhang_tinhtrang_id_foreign` FOREIGN KEY (`tinhtrang_id`) REFERENCES `tinhtrang` (`id`),
  ADD CONSTRAINT `donhang_user_id_foreign` FOREIGN KEY (`user_id`) REFERENCES `users` (`id`);

--
-- Các ràng buộc cho bảng `donhang_chitiet`
--
ALTER TABLE `donhang_chitiet`
  ADD CONSTRAINT `donhang_chitiet_donhang_id_foreign` FOREIGN KEY (`donhang_id`) REFERENCES `donhang` (`id`),
  ADD CONSTRAINT `donhang_chitiet_sanpham_id_foreign` FOREIGN KEY (`sanpham_id`) REFERENCES `sanpham` (`id`);

--
-- Các ràng buộc cho bảng `sanpham`
--
ALTER TABLE `sanpham`
  ADD CONSTRAINT `sanpham_hangsanxuat_id_foreign` FOREIGN KEY (`hangsanxuat_id`) REFERENCES `hangsanxuat` (`id`),
  ADD CONSTRAINT `sanpham_loaisanpham_id_foreign` FOREIGN KEY (`loaisanpham_id`) REFERENCES `loaisanpham` (`id`);

--
-- Các ràng buộc cho bảng `user_vouchers`
--
ALTER TABLE `user_vouchers`
  ADD CONSTRAINT `user_vouchers_user_id_foreign` FOREIGN KEY (`user_id`) REFERENCES `users` (`id`) ON DELETE CASCADE,
  ADD CONSTRAINT `user_vouchers_voucher_id_foreign` FOREIGN KEY (`voucher_id`) REFERENCES `vouchers` (`id`) ON DELETE CASCADE;
COMMIT;

/*!40101 SET CHARACTER_SET_CLIENT=@OLD_CHARACTER_SET_CLIENT */;
/*!40101 SET CHARACTER_SET_RESULTS=@OLD_CHARACTER_SET_RESULTS */;
/*!40101 SET COLLATION_CONNECTION=@OLD_COLLATION_CONNECTION */;
